LCLid,year,month,morning,afternoon,evening,night,total_consumption
MAC000095,2011,12,28.661,20.401,23.788999999999998,43.956,116.807
MAC000095,2012,1,57.751,34.876,61.6640001,120.72,275.0110001
MAC000095,2012,2,53.5629999,36.134,50.086,96.639,236.42199989999997
MAC000095,2012,3,50.019,41.429,48.239,95.5,235.18699999999998
MAC000095,2012,4,48.900999999999996,33.599,50.8220001,83.718,217.0400001
MAC000095,2012,5,45.339999999999996,30.7,48.7029999,86.244,210.9869999
MAC000095,2012,6,44.123999999999995,46.5659999,47.379,77.13300000000001,215.2019999
MAC000095,2012,7,50.961999999999996,41.741,53.448,87.619,233.76999999999998
MAC000095,2012,8,51.879,46.474,40.97,74.27100000000002,213.59400000000002
MAC000095,2012,9,45.391,39.643,40.189,67.171,192.394
MAC000095,2012,10,59.507,49.2300001,64.362,97.91499999999999,271.0140001
MAC000095,2012,11,56.47,43.928999999999995,52.186,86.247,238.832
MAC000095,2012,12,49.686,46.8360001,47.566,85.23200000000001,229.32000010000002
MAC000095,2013,1,59.3479999,45.477,62.5949999,101.8760001,269.29599989999997
MAC000095,2013,2,51.4579999,29.682999999999996,42.141,87.962,211.2439999
MAC000095,2013,3,63.62799999999999,41.2409999,47.257999899999994,110.12400010000002,262.2509999
MAC000095,2013,4,62.284,28.804,59.3049999,119.16900000000001,269.5619999
MAC000095,2013,5,70.79799999999999,36.019,67.3430001,109.43800010000001,283.5980002
MAC000095,2013,6,62.489,32.3,61.107,98.08599990000002,253.9819999
MAC000095,2013,7,42.269,25.592,52.400999999999996,81.18099999999998,201.44299999999998
MAC000095,2013,8,63.193999999999996,34.675999999999995,53.3820001,88.8070001,240.05900019999999
MAC000095,2013,9,21.967999999999996,12.653999999999998,11.839999999999998,29.11799999999999,75.57999999999998
MAC000320,2012,3,48.469000099999995,21.394,99.8329999,131.96199980000006,301.6579998
MAC000320,2012,4,50.2569997,28.22,108.1739997,171.60999970000003,358.26099910000005
MAC000320,2012,5,52.5440001,19.9419999,90.2669998,171.67500030000002,334.4280001
MAC000320,2012,6,53.476999899999996,25.9859999,89.7629999,161.98000030000003,331.206
MAC000320,2012,7,48.9909999,20.516,68.0769997,127.6089998,265.1929994
MAC000320,2012,8,54.242,22.552999999999997,67.5440001,131.8409998,276.1799999
MAC000320,2012,9,54.013,22.456,61.553,127.156,265.178
MAC000320,2012,10,57.5670001,30.051999999999996,96.1549999,168.5469999,352.3209999
MAC000320,2012,11,53.7240001,29.7740001,128.5280002,172.8949995,384.9209999
MAC000320,2012,12,63.430999699999994,19.598,143.8610007,175.4709999,402.3610003
MAC000320,2013,1,66.19299989999999,27.1799998,101.8659999,158.4469999,353.68599950000004
MAC000320,2013,2,86.94200000000001,26.7999999,97.3519996,181.1640000999999,392.2579995999999
MAC000320,2013,3,113.5420004,60.242999899999994,136.1119999,253.91799959999994,563.8149997999999
MAC000320,2013,4,51.92,25.015,127.5640009,181.57900029999993,386.0780011999999
MAC000320,2013,5,59.083000000000006,17.229999999999997,102.966,172.50299989999996,351.78199989999996
MAC000320,2013,6,49.8970001,18.8309999,72.2229997,134.80300019999999,275.75399989999994
MAC000320,2013,7,49.449999999999996,22.5069999,53.521000099999995,141.7199999,267.1979999
MAC000320,2013,8,33.521,18.282,38.6889999,110.4869999,200.9789998
MAC000320,2013,9,38.318999999999996,21.326999999999998,51.574,109.24500009999996,220.46500009999997
MAC000320,2013,10,53.619999899999996,22.108999999999995,91.4959999,137.8330001,305.05799989999997
MAC000320,2013,11,68.9660002,26.683999899999996,148.9630001,203.1970002,447.8100004
MAC000320,2013,12,81.4750003,57.7219998,231.1480004,236.2549999,606.6000004
MAC000320,2014,1,98.69799979999999,63.916999999999994,310.4300001,268.436,741.4809999
MAC000320,2014,2,75.8190001,47.992000299999994,244.84699980000002,222.594,591.2520002
MAC000521,2012,3,7.944,5.718999999999999,8.730999999999998,10.109000000000005,32.503
MAC000521,2012,4,97.6220001,77.516,58.293,65.10199999999996,298.5330001
MAC000521,2012,5,98.795,61.857999899999996,49.229,80.67900000000002,290.5609999
MAC000521,2012,6,73.6299999,50.5559999,45.309,65.374,234.86899979999998
MAC000521,2012,7,84.005,54.897999999999996,45.945,84.53999999999999,269.388
MAC000521,2012,8,96.4110001,52.356,51.854,91.75,292.3710001
MAC000521,2012,9,91.381,63.362,52.397,81.10700000000001,288.247
MAC000521,2012,10,104.285,58.89,55.718999999999994,75.69599999999998,294.59
MAC000521,2012,11,88.1540001,64.782,65.381,75.91199999999998,294.22900009999995
MAC000521,2012,12,82.1419998,84.788,69.944,79.855,316.7289998
MAC000521,2013,1,70.929,62.3030002,65.363,68.31300000000002,266.9080002
MAC000521,2013,2,84.866,65.5790002,53.674,77.09,281.2090002
MAC000521,2013,3,88.27099989999999,67.40499989999999,59.497,85.457,300.6299998
MAC000521,2013,4,94.8660001,63.258,49.373999999999995,80.546,288.0440001
MAC000521,2013,5,74.709,61.071,42.949,67.21300000000001,245.942
MAC000521,2013,6,86.5009999,53.743,40.209999999999994,69.393,249.8469999
MAC000521,2013,7,79.46,45.190999999999995,43.601,80.366,248.618
MAC000521,2013,8,90.661,34.212999999999994,39.431999999999995,72.07699999999998,236.38299999999998
MAC000521,2013,9,80.072,40.035,43.525,71.21900000000001,234.851
MAC000521,2013,10,82.45100000000001,57.224,51.214999999999996,79.533,270.423
MAC000521,2013,11,76.24099989999999,65.5870002,69.927,75.09,286.8450001
MAC000521,2013,12,82.09,72.484,62.7260001,77.342,294.6420001
MAC000521,2014,1,78.707,67.56899999999999,69.6630001,79.681,295.62000009999997
MAC000521,2014,2,62.379,51.611,57.353,72.766,244.10899999999998
MAC000523,2012,3,6.527,4.245,8.936,6.177999999999997,25.885999999999996
MAC000523,2012,4,74.5540001,41.9270001,70.5279999,54.770999999999994,241.7800001
MAC000523,2012,5,50.129,28.448999999999998,50.528999999999996,40.242999999999995,169.35
MAC000523,2012,6,51.263,29.177,44.675,39.478999999999985,164.594
MAC000523,2012,7,41.8259999,23.871,42.626,38.209,146.5319999
MAC000523,2012,8,44.642999999999994,26.845,44.451,44.486000000000004,160.42499999999998
MAC000523,2012,9,62.150999999999996,33.766,62.8340001,49.897,208.6480001
MAC000523,2012,10,79.0,39.556,69.5069999,58.118,246.18099990000002
MAC000523,2012,11,77.591,49.058,86.4050002,66.21900000000001,279.2730002
MAC000523,2012,12,111.86399990000001,71.869,97.0040001,75.61399999999998,356.35099999999994
MAC000523,2013,1,121.6780001,113.5109997,100.0769998,79.71099999999997,414.97699959999994
MAC000523,2013,2,110.0220001,115.1979999,110.6050003,68.123,403.9480003
MAC000523,2013,3,99.08,108.0749999,79.679,61.118999999999986,347.9529999
MAC000523,2013,4,83.7699999,51.9609998,74.8829999,55.163999999999994,265.7779996
MAC000523,2013,5,81.552,40.321999899999994,72.896,64.529,259.29899989999996
MAC000523,2013,6,77.259,38.781,56.632999999999996,58.163999999999994,230.837
MAC000523,2013,7,50.083,29.942999999999998,41.184,63.959999999999994,185.17
MAC000523,2013,8,78.764,35.668,64.328,67.71600009999999,246.4760001
MAC000523,2013,9,86.664,44.6359999,86.33300009999999,68.107,285.74
MAC000523,2013,10,99.1400001,52.972,91.123,75.79500010000001,319.0300002
MAC000523,2013,11,74.57499999999999,51.778,83.729,80.289,290.371
MAC000523,2013,12,206.0979998,141.24599999999998,168.4819999,166.39899959999997,682.2249993
MAC000523,2014,1,227.077,166.5499997,173.5229997,168.64600010000004,735.7959995
MAC000523,2014,2,98.68,102.78399999999999,105.0079999,70.45799999999998,376.9299999
MAC000525,2012,3,11.599,10.542,8.269,11.907999999999998,42.318
MAC000525,2012,4,118.539,86.8710001,117.1119999,125.74299990000002,448.2649999
MAC000525,2012,5,135.6410001,71.017,96.8960001,125.23599999999998,428.79000019999995
MAC000525,2012,6,113.1219998,74.619,86.1939999,103.00500000000001,376.9399997
MAC000525,2012,7,116.9660002,65.0600001,94.227,126.69299999999997,402.9460003
MAC000525,2012,8,117.7770001,83.9820002,94.009,108.065,403.8330003
MAC000525,2012,9,144.0000003,70.20100000000001,108.51900020000001,118.0140001,440.7340006
MAC000525,2012,10,116.685,82.35499999999999,128.3089999,124.29399999999997,451.64299989999995
MAC000525,2012,11,105.063,79.0790001,111.115,118.419,413.6760001
MAC000525,2012,12,94.2650002,80.039,134.7630004,126.9910001,436.0580007
MAC000525,2013,1,109.634,91.3709996,118.6960006,125.357,445.0580002
MAC000525,2013,2,90.2460001,73.2689999,102.3290003,114.98400009999999,380.8280004
MAC000525,2013,3,104.2529998,91.03599990000001,91.4230001,131.96,418.67199980000004
MAC000525,2013,4,147.525,78.5190003,100.1480002,117.3469999,443.5390004
MAC000525,2013,5,107.6849999,83.34299999999999,103.9049996,111.617,406.5499995
MAC000525,2013,6,104.9140002,76.589,80.95,112.4850001,374.9380003
MAC000525,2013,7,110.3229998,74.0000001,79.3519997,118.73199999999999,382.4069996
MAC000525,2013,8,113.5920002,80.09,103.8850003,116.0779998,413.6450003
MAC000525,2013,9,140.1429999,97.1959997,120.66,137.30700000000002,495.3059996
MAC000525,2013,10,117.56299969999999,93.31299990000001,111.0499997,114.78299999999997,436.70899929999996
MAC000525,2013,11,107.851,89.65599950000001,116.6250001,133.3070001,447.4389997
MAC000525,2013,12,98.9919999,102.80399990000001,110.3340002,130.28300009999998,442.4130001
MAC000525,2014,1,102.26799989999999,88.93900000000001,121.5000003,133.25300009999998,445.9600003
MAC000525,2014,2,85.5,73.3230002,97.877,105.55000009999998,362.25000029999995
MAC000544,2012,4,49.690999999999995,34.806,40.108,43.441999999999986,168.04699999999997
MAC000544,2012,5,53.546,31.241999999999997,46.484,76.75999999999999,208.03199999999998
MAC000544,2012,6,39.695,25.204,34.604,38.97399999999999,138.47699999999998
MAC000544,2012,7,77.413,43.418999899999996,51.702999899999995,71.503,244.0379998
MAC000544,2012,8,81.377,36.815999999999995,55.038,71.51500000000001,244.746
MAC000544,2012,9,75.44,31.508999999999997,57.372,70.59599999999999,234.91699999999997
MAC000544,2012,10,115.9979999,48.732,134.8489998,97.795,397.3739997
MAC000544,2012,11,84.576,40.266,101.12700000000001,117.24799999999999,343.217
MAC000544,2012,12,92.848,50.808,107.565,116.64100000000002,367.862
MAC000544,2013,1,95.213,46.328,122.24,115.02500000000002,378.80600000000004
MAC000544,2013,2,68.79899999999999,35.126,93.551,102.59100000000001,300.067
MAC000544,2013,3,69.851,39.906,97.581,109.09200000000001,316.43
MAC000544,2013,4,73.164,36.949,70.465,88.08499999999998,268.66299999999995
MAC000544,2013,5,62.683,34.333,50.842,72.82300000000001,220.68099999999998
MAC000544,2013,6,57.106,37.453,49.705999999999996,68.06199999999998,212.327
MAC000544,2013,7,52.94,30.813999999999997,44.3259999,65.747,193.8269999
MAC000544,2013,8,68.154,37.114999999999995,50.69,68.51599999999999,224.47499999999997
MAC000544,2013,9,60.198,31.946999999999996,61.588,70.448,224.18099999999998
MAC000544,2013,10,71.81700000000001,43.248999999999995,114.197,81.977,311.24
MAC000544,2013,11,79.238,47.03,126.1370001,129.34400000000002,381.7490001
MAC000544,2013,12,91.048,62.397,154.364,154.53800009999998,462.3470001
MAC000544,2014,1,75.473,44.349,126.7209998,138.789,385.3319998
MAC000544,2014,2,68.20400000000001,37.141999999999996,100.863,91.931,298.14
MAC000561,2012,4,86.2100001,49.7030002,75.707,82.3840001,294.0040004
MAC000561,2012,5,122.8989998,84.1360003,105.898,158.41900019999997,471.3520003
MAC000561,2012,6,128.71,87.4660001,105.8240001,128.7840003,450.7840005
MAC000561,2012,7,47.134,81.38300000000001,73.7399999,79.24200009999998,281.49899999999997
MAC000561,2012,8,33.714,29.023999999999997,44.723,58.462,165.923
MAC000561,2012,9,55.216000199999996,54.705999999999996,61.9949999,49.18,221.09700009999997
MAC000561,2012,10,59.1369999,61.8250001,71.1340003,56.79399999999998,248.89000029999997
MAC000561,2012,11,37.845,69.1439998,83.20700000000001,58.16200000000001,248.3579998
MAC000561,2012,12,44.12499999999999,85.9190001,97.8019997,73.03999990000001,300.8859997
MAC000561,2013,1,33.99699999999999,44.6960001,90.3230002,85.01999989999999,254.03600019999996
MAC000561,2013,2,49.720999799999994,69.6800002,90.5169997,51.82700000000002,261.7449997
MAC000561,2013,3,46.461,61.0330002,79.1360001,56.2219999,242.8520002
MAC000561,2013,4,58.2790002,46.324999999999996,71.465,53.578,229.64700019999998
MAC000561,2013,5,67.1239998,65.0949998,74.6239999,41.906,248.7489995
MAC000561,2013,6,60.0029999,44.608,63.162999899999996,35.652,203.4259998
MAC000561,2013,7,63.533000099999995,39.751,60.119,64.3510001,227.75400019999998
MAC000561,2013,8,57.842999899999995,51.5609999,59.539,34.17899999999999,203.1219998
MAC000561,2013,9,58.216,64.8619999,66.049,34.99499999999998,224.1219999
MAC000561,2013,10,61.362000099999996,70.744,85.3729998,39.48700000000001,256.9659999
MAC000561,2013,11,56.731,62.1129999,78.3039999,45.581000100000004,242.7289999
MAC000561,2013,12,64.4960001,64.556,68.2890001,49.16399999999999,246.50500019999998
MAC000561,2014,1,60.3620002,56.6139998,69.528,46.605,233.10899999999998
MAC000561,2014,2,45.8639999,40.727,59.778,55.002,201.3709999
MAC000628,2012,4,76.133,71.77900009999999,125.7539999,93.35399990000002,367.0199999
MAC000628,2012,5,70.7700001,56.7480001,118.5009999,100.22299999999998,346.2420001
MAC000628,2012,6,38.044,32.568999899999994,63.4869998,54.79,188.88999969999998
MAC000628,2012,7,46.767999999999994,30.9239999,60.519999999999996,55.842,194.05399989999998
MAC000628,2012,8,38.60999999999999,27.023000099999997,55.673,54.478,175.7840001
MAC000628,2012,9,41.202,25.279,55.0839998,50.75099999999998,172.3159998
MAC000628,2012,10,69.612,48.580999999999996,90.06400000000001,94.15599999999999,302.413
MAC000628,2012,11,131.8639999,121.001,185.3870001,214.28399989999997,652.5359999
MAC000628,2012,12,226.1819998,167.679,215.4860002,357.58599949999996,966.9329994999999
MAC000628,2013,1,211.3870002,162.98900030000001,218.6510006,367.50800000000004,960.5350011
MAC000628,2013,2,240.5959998,159.645,205.1980004,385.96200030000006,991.4010005
MAC000628,2013,3,276.7320002,181.55,223.8059999,437.21799930000003,1119.3059994
MAC000628,2013,4,141.545,84.0449998,149.4740002,236.66200030000002,611.7260003
MAC000628,2013,5,61.239,46.037,85.319,121.60999980000001,314.2049998
MAC000628,2013,6,51.366,34.943999999999996,67.9450001,70.15399999999997,224.40900009999996
MAC000628,2013,7,40.876,25.225999999999996,48.555,51.768,166.42499999999998
MAC000628,2013,8,39.964999999999996,27.299999999999997,56.0669999,47.52500000000001,170.8569999
MAC000628,2013,9,40.83,32.073,68.9329998,52.418000000000006,194.2539998
MAC000628,2013,10,51.028,51.431,83.4779999,74.49899989999999,260.4359998
MAC000628,2013,11,119.684,131.8869999,171.2690005,223.48399959999995,646.324
MAC000628,2013,12,241.0570002,160.999,199.9069997,382.41999969999995,984.3829996
MAC000628,2014,1,247.7260001,156.962,198.0570002,383.544,986.2890003
MAC000628,2014,2,216.86000009999998,138.5689999,168.7710001,328.1839996,852.3839997
MAC000633,2012,4,29.079,16.432,26.77,102.24599989999999,174.5269999
MAC000633,2012,5,64.1210001,27.7140001,69.5039999,169.71299999999997,331.0520001
MAC000633,2012,6,73.002,34.03,63.7619998,163.5590003,334.35300010000003
MAC000633,2012,7,85.03699999999999,51.505,79.23400000000001,165.57499979999997,381.3509998
MAC000633,2012,8,61.2099999,27.311999999999998,48.7040001,109.7930001,247.0190001
MAC000633,2012,9,64.64399999999999,34.766,63.588999799999996,133.2850002,296.284
MAC000633,2012,10,51.330999999999996,31.149999999999995,80.7750003,160.80000009999998,324.05600039999996
MAC000633,2012,11,62.221999999999994,35.4419998,65.508,167.92899999999997,331.10099979999995
MAC000633,2012,12,48.88399999999999,25.540999999999997,44.9659999,137.6389997,257.0299996
MAC000633,2013,1,88.449,32.189,68.8210001,167.3969997,356.85599979999995
MAC000633,2013,2,72.867,28.593999999999998,51.437,158.86500039999999,311.7630004
MAC000633,2013,3,67.9409999,33.04,67.2369999,170.16900009999998,338.3869999
MAC000633,2013,4,78.9640002,29.005,67.0020002,170.28500029999998,345.25600069999996
MAC000633,2013,5,57.7939996,22.249,53.287,155.9520001,289.2819997
MAC000633,2013,6,63.045000099999996,32.83,73.667,146.7000001,316.2420002
MAC000633,2013,7,51.278,32.4929999,74.2459996,151.0340002,309.0509997
MAC000633,2013,8,63.601999899999996,38.681,72.2580001,141.55800029999997,316.0990003
MAC000633,2013,9,65.5860002,33.0090001,77.2599999,124.7290002,300.5840004
MAC000633,2013,10,72.611,31.095999999999997,126.0439999,153.75799999999998,383.5089999
MAC000633,2013,11,65.66299989999999,21.9360002,74.4139997,172.55100009999998,334.56399989999994
MAC000633,2013,12,128.7310004,55.088,89.846,189.30300060000002,462.968001
MAC000633,2014,1,74.8129999,30.046999999999997,83.1560002,194.7720004,382.7880005
MAC000633,2014,2,60.9019999,20.925,71.13999989999999,166.68100009999998,319.6479999
MAC000640,2012,4,44.7279999,31.059999899999998,33.938,34.314,144.0399998
MAC000640,2012,5,69.4000001,35.143,46.147999999999996,52.490000000000016,203.1810001
MAC000640,2012,6,77.7810001,47.248999999999995,46.144999999999996,49.344999999999985,220.52000009999998
MAC000640,2012,7,72.011,39.2450001,51.172999999999995,47.082,209.5110001
MAC000640,2012,8,70.453,39.288,46.153,44.731,200.625
MAC000640,2012,9,51.621,46.7840001,41.534,42.75500000000001,182.6940001
MAC000640,2012,10,76.553,55.7369999,53.704,48.289,234.2829999
MAC000640,2012,11,143.595,81.1779999,113.1929998,121.8110001,459.7769998
MAC000640,2012,12,70.3779999,59.46,63.813999800000005,59.078,252.7299997
MAC000640,2013,1,45.741,31.855999999999998,39.464,48.43099999999999,165.492
MAC000640,2013,2,43.3710001,35.436,32.775999999999996,39.55199999999999,151.13500009999998
MAC000640,2013,3,76.3250001,48.359000099999996,53.296,52.091000000000015,230.07100020000001
MAC000640,2013,4,64.0639999,34.751,40.049,38.083999999999996,176.94799989999999
MAC000640,2013,5,68.327,40.792000099999996,40.584999999999994,44.926,194.6300001
MAC000640,2013,6,66.752,45.043,41.769,51.35700000000001,204.921
MAC000640,2013,7,66.2440001,37.326,37.449999999999996,48.343999999999994,189.36400009999997
MAC000640,2013,8,70.773,42.308,48.650999999999996,51.238000000000014,212.97
MAC000640,2013,9,53.129,30.666999999999998,36.311,40.443,160.54999999999998
MAC000640,2013,10,66.673,50.37799999999999,48.547,48.989000000000004,214.587
MAC000640,2013,11,52.873,45.388,48.867999999999995,48.363000000000014,195.492
MAC000640,2013,12,67.9439999,88.3449997,70.1829998,60.772999999999996,287.2449994
MAC000640,2014,1,49.766999999999996,51.086,50.1069999,60.274,211.2339999
MAC000640,2014,2,24.773999999999994,25.439,29.009,50.241,129.463
MAC000665,2012,4,6.469999999999996,3.6949999999999976,5.519999999999999,7.8569999999999975,23.54199999999999
MAC000665,2012,5,14.402999999999993,9.509999999999996,8.702999999999998,11.00199999999999,43.61799999999998
MAC000665,2012,6,19.174999999999994,17.578999999999997,12.944999999999997,11.750999999999989,61.44999999999998
MAC000665,2012,7,21.61799999999999,13.370999999999995,9.035999999999998,12.150999999999978,56.175999999999966
MAC000665,2012,8,17.856999999999996,7.341999999999995,9.423999999999996,11.362999999999985,45.985999999999976
MAC000665,2012,9,20.374999999999993,13.283999999999995,7.926999999999996,13.637999999999975,55.22399999999996
MAC000665,2012,10,27.993999999999996,10.927999999999995,12.292999999999997,20.04199999999998,71.25699999999998
MAC000665,2012,11,25.15199999999999,8.940999999999994,16.032999999999998,21.669999999999977,71.79599999999996
MAC000665,2012,12,26.869999999999994,13.310999999999995,14.738999999999995,24.643999999999977,79.56399999999996
MAC000665,2013,1,21.96399999999999,15.617999999999995,16.966999999999995,25.715999999999983,80.26499999999997
MAC000665,2013,2,14.556999999999992,8.779999999999996,15.597999999999997,23.396999999999984,62.33199999999997
MAC000665,2013,3,17.371999999999993,10.658999999999995,15.167999999999996,24.192999999999984,67.39199999999997
MAC000665,2013,4,17.53899999999999,11.308999999999994,10.304999999999994,16.752999999999968,55.90599999999995
MAC000665,2013,5,13.77899999999999,13.351999999999993,8.968999999999994,16.475999999999974,52.57599999999995
MAC000665,2013,6,13.931999999999993,9.713999999999997,9.375999999999998,13.070999999999984,46.092999999999975
MAC000665,2013,7,13.704999999999997,11.845999999999997,11.931999999999997,13.090999999999989,50.573999999999984
MAC000665,2013,8,17.228999999999996,8.483999999999998,10.529999999999998,12.559999999999983,48.802999999999976
MAC000665,2013,9,17.828999999999997,6.7819999999999965,11.145999999999995,15.484999999999982,51.24199999999997
MAC000665,2013,10,23.250999999999998,10.463999999999997,10.666999999999996,16.017999999999976,60.39999999999997
MAC000665,2013,11,15.317999999999994,7.938999999999995,16.869999999999997,25.422999999999984,65.54999999999997
MAC000665,2013,12,18.734999999999992,12.419999999999995,14.122999999999994,31.682999999999982,76.96099999999997
MAC000665,2014,1,23.208999999999993,12.886999999999995,13.145999999999995,24.82299999999998,74.06499999999997
MAC000665,2014,2,16.537999999999993,11.183999999999994,14.717999999999996,16.520999999999983,58.96099999999997
MAC000666,2012,4,12.754999999999999,5.042999999999999,9.617999999999999,24.106999999999996,51.522999999999996
MAC000666,2012,5,24.148,11.404999999999998,24.673999999999996,58.66899999999998,118.89599999999999
MAC000666,2012,6,24.904999999999998,11.983999999999996,21.905,55.139999999999986,113.93399999999998
MAC000666,2012,7,21.608999999999998,9.881999999999996,20.668,52.051999999999985,104.21099999999998
MAC000666,2012,8,22.621,11.421999999999999,21.854999999999997,53.77899999999999,109.67699999999998
MAC000666,2012,9,20.166999999999998,9.306999999999997,22.289999999999996,39.276999999999994,91.04099999999998
MAC000666,2012,10,34.258,13.966999999999999,29.089999999999996,60.73699999999999,138.052
MAC000666,2012,11,37.452999999999996,21.148999999999997,34.3719999,72.27,165.2439999
MAC000666,2012,12,39.18899999999999,18.868,35.327,80.31899999999999,173.70299999999997
MAC000666,2013,1,36.311,14.310999999999996,28.584999999999997,71.66499999999999,150.87199999999999
MAC000666,2013,2,32.283,16.131,24.517999999999997,73.03799999999998,145.96999999999997
MAC000666,2013,3,25.533999999999995,9.754999999999997,15.890999999999998,47.571000000000005,98.751
MAC000666,2013,4,28.674,15.640999899999997,17.573999999999998,62.071,123.95999989999999
MAC000666,2013,5,27.666999999999998,12.319999999999997,15.887999999999998,57.70999999999999,113.58499999999998
MAC000666,2013,6,17.732,7.072999999999997,10.242999999999999,17.022999999999985,52.070999999999984
MAC000666,2013,7,10.731999999999996,6.052999999999997,6.265999999999996,14.591999999999997,37.64299999999999
MAC000666,2013,8,10.616999999999996,5.653999999999997,4.835999999999998,11.647999999999996,32.75499999999999
MAC000666,2013,9,10.065999999999997,2.854999999999999,3.673999999999999,5.465000000000001,22.06
MAC000666,2013,10,6.690999999999999,2.9439999999999995,1.9039999999999995,1.2159999999999973,12.754999999999995
MAC000666,2013,11,0.337,1.819,1.7349999999999999,0.0,3.891
MAC000672,2012,4,16.871,8.918,30.917,35.90299999999999,92.609
MAC000672,2012,5,35.251999999999995,24.576999999999998,51.423000099999996,73.956,185.2080001
MAC000672,2012,6,37.347,28.419999999999998,45.415,69.71400000000001,180.89600000000002
MAC000672,2012,7,34.81099999999999,24.537999999999997,28.873999899999998,51.068000000000005,139.2909999
MAC000672,2012,8,44.364999999999995,29.057999999999996,36.510999999999996,66.483,176.417
MAC000672,2012,9,40.794999999999995,27.253,67.134,74.495,209.677
MAC000672,2012,10,44.95399999999999,35.763,98.657,103.21399999999998,282.58799999999997
MAC000672,2012,11,44.029999999999994,34.356,87.0689998,122.0180002,287.473
MAC000672,2012,12,52.147999999999996,84.324,142.969,149.87300009999998,429.3140001
MAC000672,2013,1,35.212999999999994,37.553000299999994,63.233999999999995,78.256,214.25600029999998
MAC000672,2013,2,19.270999999999994,11.543999999999995,11.597999999999995,28.52599999999998,70.93899999999996
MAC000672,2013,3,22.096999999999994,13.790999999999995,12.839999999999995,32.86999999999998,81.59799999999997
MAC000672,2013,4,38.955,30.429999999999996,71.28099999999999,70.23199999999999,210.898
MAC000672,2013,5,50.207,48.13,89.4189999,88.343,276.09899989999997
MAC000672,2013,6,40.8719999,30.419999999999998,48.5989999,62.98800000000001,182.8789998
MAC000672,2013,7,46.222,28.067999999999998,38.28,55.48200000000002,168.05200000000002
MAC000672,2013,8,36.041999999999994,23.364,23.778,50.18700000000001,133.371
MAC000672,2013,9,25.30899999999999,15.411999999999994,15.281999999999993,36.675999999999995,92.67899999999997
MAC000672,2013,10,27.732999999999993,17.367999999999995,16.723999999999993,40.23199999999999,102.05699999999997
MAC000672,2013,11,135.8770001,125.812,146.2619999,104.62400000000001,512.575
MAC000672,2013,12,151.46699999999998,129.7290002,165.311,123.21,569.7170002
MAC000672,2014,1,58.869,38.6779999,49.980000000000004,59.76999999999998,207.2969999
MAC000672,2014,2,119.441,89.167,134.0399999,131.159,473.8069999
MAC000673,2012,4,72.0119998,46.4979999,54.817000199999995,84.9020001,258.229
MAC000673,2012,5,152.944,88.0429999,110.4650001,197.12500000000003,548.577
MAC000673,2012,6,131.043,82.89300010000001,92.623,165.21399999999997,471.7730001
MAC000673,2012,7,139.785,87.8280002,103.166,168.526,499.3050002
MAC000673,2012,8,99.53,62.457,86.619,146.4350001,395.04100009999996
MAC000673,2012,9,102.39899989999999,57.999000099999996,116.905,125.81900009999998,403.1220001
MAC000673,2012,10,157.399,84.496,145.4970002,177.2789999,564.6710001
MAC000673,2012,11,117.551,71.544,143.63899990000002,170.058,502.7919999
MAC000673,2012,12,159.63599969999999,111.5500001,146.101,181.2939999,598.5809997
MAC000673,2013,1,132.9890001,83.681,132.8810001,156.7320002,506.2830004
MAC000673,2013,2,111.9609999,57.6119999,96.741,124.47099999999999,390.7849998
MAC000673,2013,3,110.711,68.8029999,121.56,155.8469999,456.92099979999995
MAC000673,2013,4,130.1770003,75.4299999,106.413,129.13699989999998,441.15700009999995
MAC000673,2013,5,108.1919999,52.690999999999995,72.491,117.88999999999999,351.2639999
MAC000673,2013,6,104.8360002,57.824,67.1670001,101.676,331.5030003
MAC000673,2013,7,105.92399999999999,60.1619999,69.392,118.39100010000001,353.869
MAC000673,2013,8,78.406,48.454000099999995,75.8379999,111.4299999,314.12799989999996
MAC000673,2013,9,119.096,62.4609999,110.9569998,118.33900000000001,410.8529997
MAC000673,2013,10,129.5359999,73.7459999,108.8559999,113.54000000000002,425.6779997
MAC000673,2013,11,106.305,70.636,97.3429998,110.86999999999999,385.1539998
MAC000673,2013,12,137.1689999,103.2549999,152.0519998,166.011,558.4869996
MAC000673,2014,1,140.3489999,79.6820001,123.6709998,152.41799999999998,496.1199998
MAC000673,2014,2,108.801,66.6240001,102.064,133.858,411.3470001
MAC000738,2012,4,15.229,7.5169999999999995,14.296999999999999,34.29,71.333
MAC000738,2012,5,31.727999999999998,16.438999999999997,22.461999999999996,50.172000000000004,120.801
MAC000738,2012,6,30.104999999999997,15.722999999999999,20.991999999999997,40.44400000000001,107.26400000000001
MAC000738,2012,7,31.022,17.209,22.892,46.35200000000001,117.47500000000001
MAC000738,2012,8,44.921,26.342,39.095,98.42399999999999,208.78199999999998
MAC000738,2012,9,44.912,26.026999999999997,49.184,129.37300000000002,249.496
MAC000738,2012,10,45.379999999999995,26.789999999999996,49.590999999999994,133.97500000000002,255.736
MAC000738,2012,11,42.852999999999994,28.972999999999995,51.446999999999996,126.28600000000002,249.559
MAC000738,2012,12,43.738,34.232,53.174,132.697,263.841
MAC000738,2013,1,44.58,32.998,51.728,139.88600000000002,269.192
MAC000738,2013,2,36.605999999999995,24.159999999999997,45.466,130.477,236.70899999999997
MAC000738,2013,3,42.24699999999999,24.083,44.786,123.66399990000002,234.7799999
MAC000738,2013,4,45.614999999999995,27.618999999999996,42.609,118.76700000000001,234.60999999999999
MAC000738,2013,5,46.766999999999996,28.590999999999998,38.3420001,124.67200000000003,238.3720001
MAC000738,2013,6,43.46,27.709999999999997,38.11,93.14300000000001,202.423
MAC000738,2013,7,50.437999999999995,33.849999999999994,42.162,118.21500000000002,244.66500000000002
MAC000738,2013,8,49.196,33.605,41.763,109.96700000000001,234.531
MAC000738,2013,9,7.489,4.659999999999999,7.305000000000001,18.600000000000005,38.054
MAC000755,2012,4,31.9150001,44.40499989999999,24.511,30.456,131.287
MAC000755,2012,5,115.8849999,91.593,90.2420001,105.5160001,403.2360001
MAC000755,2012,6,97.20699979999999,108.9060001,81.1949997,103.74700000000001,391.05499960000003
MAC000755,2012,7,103.25699999999999,110.3,80.82700009999999,101.43700000000001,395.8210001
MAC000755,2012,8,95.5619997,106.4990002,64.564,94.586,361.2109999
MAC000755,2012,9,108.0189999,94.4609999,87.6910001,119.07400010000002,409.245
MAC000755,2012,10,126.9359997,107.2580001,120.1050001,113.22400000000002,467.5229999
MAC000755,2012,11,104.4519998,101.3159999,86.3860002,98.751,390.9049999
MAC000755,2012,12,105.42399979999999,135.3780001,103.4969999,143.1300001,487.42899989999995
MAC000755,2013,1,99.2279999,126.23199919999999,96.535,136.7220001,458.7169992
MAC000755,2013,2,117.12100009999999,137.5480002,127.396,136.61300000000003,518.6780003
MAC000755,2013,3,170.15600039999998,167.057,178.2780004,142.55700000000002,658.0480008
MAC000755,2013,4,218.2360005,143.5019998,125.7149998,126.61999999999995,614.0730001
MAC000755,2013,5,194.0650003,130.8079999,133.0619999,133.77800009999999,591.7130002
MAC000755,2013,6,191.2870004,116.8449999,146.2699997,132.2649999,586.6669999000001
MAC000755,2013,7,230.433,131.5070003,158.8150002,166.01799999999997,686.7730005
MAC000755,2013,8,181.2709998,119.5929999,149.2479995,145.513,595.6249992
MAC000755,2013,9,193.1250001,142.7879997,178.9819998,122.14000010000002,637.0349997000001
MAC000755,2013,10,165.4300001,126.02199999999999,143.4990001,105.79899999999999,540.7500002
MAC000755,2013,11,157.4770001,154.375,175.0809999,105.28100000000002,592.214
MAC000755,2013,12,173.7649998,164.0850004,201.269,161.0930002,700.2120004
MAC000755,2014,1,140.3999996,111.8979997,120.6010004,110.08000000000001,482.9789997
MAC000755,2014,2,179.2849999,123.4459999,134.332,106.33400009999997,543.3969999
MAC000766,2012,4,19.607999999999997,8.376999999999999,12.777999999999999,22.540999999999997,63.303999999999995
MAC000766,2012,5,52.169999999999995,23.285999999999994,48.333999999999996,49.18699999999999,172.97699999999998
MAC000766,2012,6,48.794999999999995,21.506999999999998,36.324,46.411,153.03699999999998
MAC000766,2012,7,61.715999999999994,20.855999999999995,44.228,48.79099999999999,175.59099999999998
MAC000766,2012,8,62.454000099999995,20.002999999999997,39.283,51.93300000000001,173.6730001
MAC000766,2012,9,43.065,17.392,31.008999999999997,40.58,132.046
MAC000766,2012,10,60.837,27.413999999999998,44.258,56.800999999999995,189.31
MAC000766,2012,11,61.329,28.522,45.3480001,61.174,196.37300009999998
MAC000766,2012,12,71.9289999,38.012,55.1899999,67.7799999,232.9109997
MAC000766,2013,1,74.283,28.951,51.785,78.13600000000001,233.155
MAC000766,2013,2,72.516,35.6539999,45.475,72.62399999999998,226.26899989999998
MAC000766,2013,3,79.328,37.622,50.285999999999994,85.043,252.279
MAC000766,2013,4,69.419,33.138999999999996,55.636,78.677,236.871
MAC000766,2013,5,73.637,33.013,53.994,78.319,238.963
MAC000766,2013,6,72.128,28.669999999999998,59.985999899999996,69.089,229.8729999
MAC000766,2013,7,79.968,29.827999999999996,56.356,74.06699999999998,240.21899999999997
MAC000766,2013,8,77.138,30.747999999999994,57.317,74.491,239.694
MAC000766,2013,9,70.19800000000001,27.626999999999995,48.755,72.80000000000001,219.38
MAC000766,2013,10,70.214,29.13,52.9870001,72.52499999999999,224.8560001
MAC000766,2013,11,77.547,30.275999999999996,43.501999999999995,87.2019999,238.5269999
MAC000766,2013,12,78.188,44.406,57.25,92.59699999999998,272.441
MAC000766,2014,1,73.6880001,32.608999999999995,51.223999899999995,86.185,243.70600000000002
MAC000766,2014,2,43.669,21.660999999999998,32.356,43.574000100000006,141.2600001
MAC000772,2012,4,19.820999999999998,7.594999999999999,10.738,16.397,54.551
MAC000772,2012,5,55.8770001,22.113999999999997,35.7720001,68.624,182.3870002
MAC000772,2012,6,34.891,17.56,21.503999999999998,43.93499999999999,117.88999999999999
MAC000772,2012,7,25.953999999999997,15.005999999999998,16.604,34.69499999999999,92.25899999999999
MAC000772,2012,8,24.658999999999995,14.677999999999997,23.708000099999996,41.936,104.98100009999999
MAC000772,2012,9,32.891999999999996,15.945999999999998,21.461999999999996,39.299,109.59899999999999
MAC000772,2012,10,44.629999999999995,26.534,62.152,58.721000000000004,192.037
MAC000772,2012,11,30.125999999999994,21.674999999999997,48.142999999999994,49.68800000000001,149.632
MAC000772,2012,12,45.0349999,32.778999999999996,64.1400001,73.41200009999999,215.36600009999998
MAC000772,2013,1,43.431999999999995,34.945,70.9499997,85.161,234.4879997
MAC000772,2013,2,60.683,39.592,43.946,121.24200010000001,265.4630001
MAC000772,2013,3,69.639,42.345,54.938,127.322,294.244
MAC000772,2013,4,40.614999999999995,24.789999999999996,27.319999999999997,58.84099999999999,151.56599999999997
MAC000772,2013,5,47.983999999999995,29.528,42.677,64.27199999999999,184.46099999999998
MAC000772,2013,6,24.176999999999996,16.378999999999998,14.899999999999997,39.89999999999999,95.356
MAC000772,2013,7,34.254999899999994,19.497999999999998,20.290999999999997,41.815,115.8589999
MAC000772,2013,8,29.612,14.464999999999998,17.548,44.671,106.29599999999999
MAC000772,2013,9,33.781,15.976999999999999,19.427999999999997,45.88399999999999,115.07
MAC000772,2013,10,38.141,23.413999999999994,55.492,57.996,175.04299999999998
MAC000772,2013,11,51.074,40.183,68.5219998,87.42399979999999,247.20299959999997
MAC000772,2013,12,66.0470001,45.840999999999994,75.9489999,82.948,270.78499999999997
MAC000772,2014,1,60.138999999999996,41.018999799999996,87.2450002,90.87699980000001,279.2799998
MAC000772,2014,2,40.951,28.043999999999997,57.865,78.11800000000001,204.978
MAC000775,2012,4,24.412000000000003,30.8629999,48.1,39.081999999999994,142.4569999
MAC000775,2012,5,69.264,68.25099999999999,92.1999998,125.75,355.4649998
MAC000775,2012,6,62.549,51.1589999,90.66799999999999,124.78600039999999,329.1620003
MAC000775,2012,7,66.828,64.0649999,70.773,110.143,311.8089999
MAC000775,2012,8,75.197,67.635,74.984,119.12599980000002,336.9419998
MAC000775,2012,9,71.167,64.7060001,120.61500000000001,133.8469999,390.335
MAC000775,2012,10,93.8199999,101.06400000000001,146.951,146.2579999,488.0929998
MAC000775,2012,11,78.652,95.9619998,142.1690001,153.71599999999998,470.4989999
MAC000775,2012,12,75.0740001,110.012,147.7970001,140.5589999,473.4420001
MAC000775,2013,1,76.8120001,114.0009995,137.7199998,127.2900001,455.82299950000004
MAC000775,2013,2,76.631,76.7719999,136.7310003,128.14299999999997,418.2770002
MAC000775,2013,3,66.717,89.5779999,126.3609998,123.14900000000004,405.8049997
MAC000775,2013,4,66.994,62.1660001,75.408,82.37200010000001,286.9400002
MAC000775,2013,5,64.053,47.884,64.0000001,88.10600000000002,264.04300010000003
MAC000775,2013,6,62.025,40.827,57.415,91.80699999999997,252.07399999999998
MAC000775,2013,7,59.879,42.980999999999995,50.254999999999995,102.006,255.12099999999998
MAC000775,2013,8,56.105,40.988,57.288000000000004,90.46799999999999,244.849
MAC000775,2013,9,57.5290001,62.0870001,80.4219998,85.855,285.89300000000003
MAC000775,2013,10,70.057,67.7610001,109.161,84.60000000000001,331.57900010000003
MAC000775,2013,11,52.20399999999999,61.1590001,102.932,105.8,322.0950001
MAC000775,2013,12,49.863,58.109,109.6689998,104.5740001,322.2149999
MAC000775,2014,1,60.013,85.402,123.621,100.199,369.235
MAC000775,2014,2,53.102,70.855,101.9030001,97.87400009999999,323.73400019999997
MAC000785,2012,4,43.489000000000004,27.482,32.415,65.93500000000002,169.32100000000003
MAC000785,2012,5,118.775,67.613,86.674,172.24500000000003,445.307
MAC000785,2012,6,108.101,70.581,77.44,152.7100001,408.83200009999996
MAC000785,2012,7,121.0279999,77.355,84.413,163.50400009999998,446.3
MAC000785,2012,8,107.119,70.2999999,77.814,149.51500000000001,404.74799989999997
MAC000785,2012,9,107.609,67.814,94.3700001,148.687,418.4800001
MAC000785,2012,10,180.87,114.5820001,128.9809999,252.6919999,677.1249999
MAC000785,2012,11,134.048,67.685,107.059,194.72699999999998,503.51899999999995
MAC000785,2012,12,156.7409998,97.84299970000001,146.0410003,222.29500009999998,622.9199999
MAC000785,2013,1,131.733,75.4399998,98.67399999999999,209.1719999,515.0189997
MAC000785,2013,2,125.91,61.459,90.062,194.88000019999998,472.31100019999997
MAC000785,2013,3,132.0479999,79.35,93.81,215.44799989999999,520.6559998
MAC000785,2013,4,101.1070001,59.445,84.5619998,158.50300000000001,403.6169999
MAC000785,2013,5,106.727,55.623,84.5070002,157.3300001,404.1870003
MAC000785,2013,6,107.039,55.632999999999996,73.703,165.9209998,402.2959998
MAC000785,2013,7,103.9920002,58.17,62.657,146.67700010000004,371.4960003
MAC000785,2013,8,100.971,56.687,72.3599999,155.641,385.65899989999997
MAC000785,2013,9,113.74000009999999,65.46,102.3730004,175.60800000000003,457.1810005
MAC000785,2013,10,145.987,74.424,109.9320003,211.03099989999998,541.3740002
MAC000785,2013,11,156.1609999,85.099,112.0109997,242.96600059999994,596.2370002
MAC000785,2013,12,141.34900009999998,93.7069998,121.3720001,217.4379998,573.8659997999999
MAC000785,2014,1,135.375,101.2100001,109.882,219.30699980000003,565.7739999
MAC000785,2014,2,127.473,69.0679999,84.538,178.96100000000004,460.03999990000005
MAC000791,2012,4,53.2959998,30.135999899999998,44.363,27.012000000000018,154.80699970000003
MAC000791,2012,5,128.484,66.5189998,102.1440001,81.56300000000002,378.7099999
MAC000791,2012,6,135.8169998,62.7840001,103.8669997,73.80899999999997,376.27699959999995
MAC000791,2012,7,118.2189998,59.571,91.744,74.494,344.0279998
MAC000791,2012,8,81.164,47.856000099999996,64.2720002,55.56,248.8520003
MAC000791,2012,9,122.0240001,75.1360002,135.1620004,91.063,423.38500070000003
MAC000791,2012,10,138.789,82.8620001,141.7869999,75.97399999999999,439.412
MAC000791,2012,11,124.60300009999999,98.351,151.1439993,97.68400000000001,471.7819994
MAC000791,2012,12,136.8310002,96.0830003,120.8950001,104.44000019999996,458.2490008
MAC000791,2013,1,130.3970002,92.1310001,135.4700003,98.41200020000001,456.4100008
MAC000791,2013,2,123.6580001,80.8469999,127.8660003,95.07600009999999,427.4470004
MAC000791,2013,3,130.329,80.3680002,109.0730002,96.85199990000001,416.6220003
MAC000791,2013,4,129.1799999,63.9690001,95.9090002,76.47299999999998,365.53100019999994
MAC000791,2013,5,117.6569999,56.620999999999995,99.9649998,76.94500009999999,351.1879998
MAC000791,2013,6,113.6090001,60.219000099999995,93.8120002,75.1909999,342.8310003
MAC000791,2013,7,104.84200009999999,63.4079999,92.0979999,95.11899999999997,355.46699989999996
MAC000791,2013,8,50.04000009999999,29.702999999999996,39.1290001,52.89299999999999,171.76500019999997
MAC000791,2013,9,117.7410002,69.9789997,121.7279997,96.1810001,405.6289997
MAC000791,2013,10,135.215,78.9839999,117.8699998,97.54599999999999,429.6149997
MAC000791,2013,11,117.2970001,99.086,140.2350002,103.72399979999999,460.3420001
MAC000791,2013,12,130.5850003,97.90100029999999,144.2480001,119.18800069999999,491.9220014
MAC000791,2014,1,113.4110001,88.6020001,131.4970001,107.3990004,440.9090007
MAC000791,2014,2,83.2620002,49.8829999,89.6229996,79.26000020000001,302.0279999
MAC000817,2012,4,8.262,18.384,20.899,13.344999999999992,60.88999999999999
MAC000817,2012,5,42.556,58.666999999999994,89.296,59.15,249.66899999999998
MAC000817,2012,6,41.224,29.449999999999996,33.12499999999999,41.45500000000002,145.25400000000002
MAC000817,2012,7,44.57,31.437999999999995,31.657999999999998,40.47399999999999,148.14
MAC000817,2012,8,45.469,33.372,31.675999999999995,43.27599999999999,153.79299999999998
MAC000817,2012,9,45.368,37.852,59.055,59.692000000000014,201.967
MAC000817,2012,10,55.013,84.208,149.84,94.706,383.767
MAC000817,2012,11,84.06,162.7840001,177.42,127.15099999999994,551.4150000999999
MAC000817,2012,12,130.057,192.8399998,202.3560002,141.27400000000003,666.527
MAC000817,2013,1,165.2610001,240.6759998,244.3649998,146.22199980000002,796.5239995000001
MAC000817,2013,2,173.254,231.0210006,232.9629999,153.2319997,790.4700002
MAC000817,2013,3,197.7860001,272.479,275.0370008,151.4860002,896.7880011
MAC000817,2013,4,149.1419998,127.6070002,145.99099999999999,72.26700010000003,495.0070001
MAC000817,2013,5,60.372,69.364,83.08,51.64399999999998,264.46
MAC000817,2013,6,45.013999999999996,31.037999999999997,38.205999999999996,37.51199999999999,151.76999999999998
MAC000817,2013,7,38.587999999999994,27.979999999999997,30.753999999999998,36.651,133.97299999999998
MAC000817,2013,8,35.762,14.585999999999995,28.516999999999996,34.338,113.20299999999999
MAC000817,2013,9,47.159,34.315,73.327,40.726000000000006,195.527
MAC000817,2013,10,85.6,61.70099999999999,128.524,56.099000000000004,331.924
MAC000817,2013,11,124.74,108.48799989999999,144.15300009999999,105.724,483.105
MAC000817,2013,12,212.3969995,206.9020003,241.2340005,168.6029995,829.1359998
MAC000817,2014,1,183.2309999,188.718,236.5190002,129.91800019999997,738.3860003
MAC000817,2014,2,166.1319999,183.22099980000002,214.5120009,123.93800019999999,687.8030008
MAC000819,2012,4,4.864999999999999,4.337000099999999,3.6099999999999994,5.298000000000002,18.1100001
MAC000819,2012,5,40.650999999999996,26.194999999999997,27.820999999999998,49.202999999999996,143.86999999999998
MAC000819,2012,6,34.5260001,22.691999999999997,24.047,38.231000099999996,119.4960002
MAC000819,2012,7,40.544,22.453999999999997,31.954999999999995,45.372,140.325
MAC000819,2012,8,38.812999999999995,21.206999999999997,24.302999999999997,43.312,127.63499999999999
MAC000819,2012,9,30.996999999999993,17.508999999999997,25.256999999999998,39.825,113.588
MAC000819,2012,10,38.5979998,31.596,28.504999999999995,55.95800000000001,154.6569998
MAC000819,2012,11,32.092999999999996,20.381999999999998,19.854999999999997,46.75200000000001,119.082
MAC000819,2012,12,25.110999999999997,21.346999899999997,20.205,39.181,105.84399989999999
MAC000819,2013,1,29.165999999999993,18.72,16.838999999999995,46.876,111.601
MAC000819,2013,2,27.793999799999998,17.924,20.368,41.15,107.23599979999999
MAC000819,2013,3,22.411999999999995,19.702999999999996,16.316,47.0280002,105.45900019999999
MAC000819,2013,4,34.163,21.569,18.477999999999998,39.437999999999995,113.64799999999998
MAC000819,2013,5,28.111999899999997,16.715999999999994,18.323999999999995,40.45800009999999,103.60999999999999
MAC000819,2013,6,23.615999999999993,15.723999999999997,18.001999999999995,42.162,99.50399999999999
MAC000819,2013,7,34.4,23.067999999999998,23.264999999999997,52.83100000000001,133.564
MAC000819,2013,8,27.206999999999994,21.057999999999996,19.892999999999997,39.306,107.46399999999998
MAC000819,2013,9,30.167999999999996,18.314999899999997,21.256999999999998,43.019000000000005,112.75899989999999
MAC000819,2013,10,33.888,19.253999899999997,19.277999999999995,36.327999899999995,108.74799979999999
MAC000819,2013,11,25.163999999999994,16.892999999999997,14.310999999999998,42.3770003,98.74500029999999
MAC000819,2013,12,21.756999999999998,15.963999899999997,16.095999999999997,35.742,89.55899989999999
MAC000819,2014,1,30.220000099999996,21.311000099999998,18.195999999999998,51.823000099999994,121.5500003
MAC000819,2014,2,29.819000099999997,18.75,18.162999999999997,34.442,101.17400009999999
MAC000822,2012,4,8.857,4.477,11.776,13.545,38.655
MAC000822,2012,5,53.93,28.810000099999996,48.306999999999995,75.92900000000002,206.97600010000002
MAC000822,2012,6,47.973,31.38,41.101999799999994,67.37100000000001,187.8259998
MAC000822,2012,7,52.904999999999994,33.833999999999996,43.025,76.83300000000003,206.597
MAC000822,2012,8,44.832,33.416999999999994,47.523999999999994,71.75500000000001,197.528
MAC000822,2012,9,45.151999999999994,28.534999999999997,37.730999999999995,62.32100010000001,173.7390001
MAC000822,2012,10,37.138,29.079,45.205999999999996,76.635,188.058
MAC000822,2012,11,44.744,24.328,46.746,67.97200000000001,183.79000000000002
MAC000822,2012,12,47.382999999999996,29.389999999999997,58.7209999,90.563,226.0569999
MAC000822,2013,1,47.117,29.688,55.150999999999996,85.10099989999999,217.0569999
MAC000822,2013,2,38.385999999999996,23.473,46.47900009999999,67.821,176.1590001
MAC000822,2013,3,49.555,32.835,54.0470002,73.308,209.7450002
MAC000822,2013,4,38.607,28.320999999999998,46.696,69.723,183.347
MAC000822,2013,5,41.645999999999994,26.124,39.431999999999995,73.92500000000001,181.127
MAC000822,2013,6,44.946,28.447,43.613,74.46100000000001,191.467
MAC000822,2013,7,42.30799999999999,32.449999999999996,48.041,84.19100000000002,206.99
MAC000822,2013,8,54.590999999999994,30.754999999999995,54.217,84.76700000000001,224.33
MAC000822,2013,9,41.61,27.497999999999998,42.466,68.92,180.494
MAC000822,2013,10,37.986999999999995,27.789999999999996,37.471,64.14400000000002,167.392
MAC000822,2013,11,48.407999999999994,34.430999899999996,67.723,89.85900000000001,240.4209999
MAC000822,2013,12,57.080999999999996,36.232,77.458,95.31099999999999,266.082
MAC000822,2014,1,50.41,37.293,75.0729998,91.261,254.0369998
MAC000822,2014,2,41.323000099999994,28.2189998,53.952999999999996,69.45800000000001,192.9529999
MAC000994,2012,5,59.463,30.215,39.05,70.632,199.36
MAC000994,2012,6,61.643,29.549999999999997,43.637,79.44399999999999,214.27399999999997
MAC000994,2012,7,65.209,32.434,53.729999899999996,93.682,245.05499989999998
MAC000994,2012,8,60.299,29.909999999999997,48.015,81.41600000000001,219.64000000000001
MAC000994,2012,9,56.211999999999996,24.703999999999997,39.946999999999996,68.44,189.303
MAC000994,2012,10,106.458,44.301,89.9790002,90.64999999999999,331.38800019999996
MAC000994,2012,11,119.05499999999999,56.647,85.189,112.31900000000002,373.21000000000004
MAC000994,2012,12,101.517,42.577999999999996,65.6309999,96.323,306.0489999
MAC000994,2013,1,130.736,56.625,96.804,101.12299999999999,385.28799999999995
MAC000994,2013,2,94.128,49.425999999999995,58.5529999,88.03599999999999,290.14299989999995
MAC000994,2013,3,95.167,40.379999999999995,63.055,94.86500000000001,293.467
MAC000994,2013,4,74.291,31.311,50.824,87.27699999999999,243.70299999999997
MAC000994,2013,5,66.015,27.270999999999997,37.596,74.146,205.028
MAC000994,2013,6,58.5400001,31.170999999999996,39.004999999999995,74.66499999999999,203.3810001
MAC000994,2013,7,60.709999999999994,28.365999999999996,37.631,83.891,210.59799999999998
MAC000994,2013,8,63.903999999999996,31.304999999999996,52.519999999999996,83.63000000000001,231.359
MAC000994,2013,9,55.870999999999995,29.049999999999997,42.635999999999996,78.50999999999999,206.06699999999998
MAC000994,2013,10,86.484,37.803999999999995,58.279999999999994,92.693,275.26099999999997
MAC000994,2013,11,85.443,36.69,63.902,85.07799999999999,271.113
MAC000994,2013,12,92.66,50.554,65.954,92.805,301.97299999999996
MAC000994,2014,1,103.91000009999999,39.982,77.97,88.948,310.8100001
MAC000994,2014,2,91.989,34.839999999999996,62.135999999999996,78.969,267.93399999999997
MAC001004,2012,5,311.7619996,174.82900030000002,212.5980001,409.3839999,1108.5729999
MAC001004,2012,6,244.5740003,172.9529997,191.3109998,368.1250003,976.9630001
MAC001004,2012,7,259.608,203.2539996,181.0019996,389.87699979999996,1033.740999
MAC001004,2012,8,320.53800040000004,224.7590007,207.6990004,454.8740001,1207.8700016
MAC001004,2012,9,316.4010008,201.8280001,231.8130007,464.3400005,1214.3820021
MAC001004,2012,10,421.67100070000004,252.284,288.5399992,515.9160007,1478.4110006
MAC001004,2012,11,398.2500014,274.1210003,290.29400019999997,549.3340006000002,1511.9990025000002
MAC001004,2012,12,378.818001,288.9219994,308.3009995,598.3349992,1574.3759991
MAC001004,2013,1,405.3979997,298.8559993,297.2620004,563.8870000999999,1565.4029995
MAC001004,2013,2,318.4109993,214.1649996,225.5299997,432.878,1190.9839986
MAC001004,2013,3,335.8639996,249.1970002,233.9190004,461.8270006,1280.8070008000002
MAC001004,2013,4,329.1840001,215.3470004,215.3050004,432.92499989999993,1192.7610008
MAC001004,2013,5,365.8989992,262.793,246.539,475.8249996,1351.0559988
MAC001004,2013,6,323.1340006,199.3970003,197.4189996,401.97600000000006,1121.9260005
MAC001004,2013,7,273.2250002,195.088,174.5440005,374.30199990000006,1017.1590006000001
MAC001004,2013,8,291.5779992,190.4459999,185.1350002,399.21600019999994,1066.3749995
MAC001004,2013,9,313.07800000000003,213.2670005,225.3849995,399.35799969999994,1151.0879997
MAC001004,2013,10,374.3749993,247.0139994,269.8100001,474.5370000000001,1365.7359988
MAC001004,2013,11,350.676,249.93,266.8529999,498.896,1366.3549999
MAC001004,2013,12,317.6999998,236.4729996,244.8689995,429.842,1228.8839989
MAC001004,2014,1,332.59200020000003,232.95600050000002,244.4670002,465.31499999999994,1275.3300009
MAC001004,2014,2,255.0770003,190.0179999,202.1530002,373.84900000000005,1021.0970004000001
MAC001013,2012,5,16.251999999999995,13.237999999999998,16.317999999999998,24.852999999999987,70.66099999999999
MAC001013,2012,6,15.938999999999997,14.065999999999999,14.080999999999998,24.15399999999999,68.23999999999998
MAC001013,2012,7,17.193999999999996,14.478999999999997,16.859999999999996,29.12099999999999,77.65399999999998
MAC001013,2012,8,19.645999999999997,14.244999999999997,16.124999999999996,29.656999999999996,79.67299999999999
MAC001013,2012,9,15.494999999999997,12.848999999999997,16.557999999999996,27.63199999999999,72.53399999999999
MAC001013,2012,10,15.059999999999997,13.578999999999997,18.189999999999998,28.384999999999998,75.214
MAC001013,2012,11,14.224999999999998,15.312999999999997,19.169999999999998,36.971999999999994,85.67999999999999
MAC001013,2012,12,14.526999999999996,18.122999999999998,19.624,34.85199999999999,87.12599999999998
MAC001013,2013,1,16.026999999999994,18.791999999999998,18.488999999999997,39.73899999999999,93.04699999999998
MAC001013,2013,2,13.995999999999997,23.017999999999997,19.303999999999995,36.483000000000004,92.801
MAC001013,2013,3,16.015999999999995,24.33,18.139999999999997,39.17,97.65599999999999
MAC001013,2013,4,17.611999999999995,16.078999999999997,17.906,33.422,85.01899999999999
MAC001013,2013,5,20.051,14.595999999999997,17.237,34.09899999999999,85.98299999999998
MAC001013,2013,6,15.610999999999999,11.677999999999999,11.969999999999999,23.663999999999998,62.923
MAC001013,2013,7,18.787,14.918999999999999,15.469999999999999,33.865,83.041
MAC001013,2013,8,18.435999999999996,13.234999999999998,18.086,35.089999999999996,84.847
MAC001013,2013,9,18.113999999999994,15.950999999999997,19.525,35.77499999999999,89.36499999999998
MAC001013,2013,10,17.001999999999995,12.445999999999996,17.990999999999996,32.28,79.719
MAC001013,2013,11,14.802999999999985,16.070999999999994,18.207999999999995,38.69599999999999,87.77799999999996
MAC001013,2013,12,15.742999999999983,17.579999999999995,18.712999999999997,38.37099999999999,90.40699999999995
MAC001013,2014,1,15.233999999999984,20.311999999999994,18.247999999999998,38.903,92.69699999999997
MAC001013,2014,2,14.336999999999986,16.282999999999994,15.886999999999995,35.16199999999999,81.66899999999997
MAC001995,2012,6,19.344,11.376,35.1210001,25.351999999999997,91.19300009999999
MAC001995,2012,7,41.412,29.729,85.5919998,51.72,208.4529998
MAC001995,2012,8,50.6309999,29.208,85.0280001,51.45299999999998,216.32
MAC001995,2012,9,37.631,19.237000099999996,106.71299970000001,39.26699999999999,202.8479998
MAC001995,2012,10,52.067,87.1819997,129.4239998,46.00499999999998,314.6779995
MAC001995,2012,11,72.2369999,161.3100001,218.9349999,85.51400019999998,537.9960001
MAC001995,2012,12,90.6309996,223.0560001,261.0370002,79.17500009999999,653.899
MAC001995,2013,1,96.531,255.8379998,270.9560003,119.07300029999996,742.3980004
MAC001995,2013,2,59.1850002,246.4079999,227.33299879999998,62.351000000000006,595.2769989
MAC001995,2013,3,124.313,245.0200009,205.1159997,65.33800009999999,639.7870007
MAC001995,2013,4,111.1870003,114.1989998,110.583,45.144999999999996,381.1140001
MAC001995,2013,5,45.2630001,31.020000099999997,65.5560002,41.48900009999999,183.3280005
MAC001995,2013,6,43.515000099999995,22.848999999999997,54.1069999,41.446999999999996,161.91799999999998
MAC001995,2013,7,42.611,33.8889999,71.8900001,49.066999999999986,197.457
MAC001995,2013,8,37.7919999,28.1579999,66.144,47.763999999999996,179.8579998
MAC001995,2013,9,46.975000099999995,22.02,64.517,37.923,171.4350001
MAC001995,2013,10,52.221000000000004,44.171999899999996,93.08099990000001,47.6209999,237.0949997
MAC001995,2013,11,68.957,115.472,142.779,50.537999999999975,377.746
MAC001995,2013,12,49.061999799999995,183.9309998,185.8620002,61.284,480.1389998
MAC001995,2014,1,52.14499999999999,226.6379995,200.6609995,57.79999989999998,537.2439989
MAC001995,2014,2,54.25299999999999,164.1339997,153.7519996,52.065999999999974,424.2049993
MAC002078,2012,6,20.972999999999995,8.658999999999999,9.774999999999999,20.835,60.242
MAC002078,2012,7,63.178999999999995,25.708,21.743,50.40599999999999,161.03599999999997
MAC002078,2012,8,60.175,29.724,25.253999999999998,55.894000000000005,171.047
MAC002078,2012,9,57.7,27.837,23.985,46.16500000000001,155.687
MAC002078,2012,10,69.68599999999999,44.75,43.292000099999996,55.36100010000001,213.08900020000002
MAC002078,2012,11,65.683,43.385,41.295,58.02699999999999,208.39
MAC002078,2012,12,66.13399989999999,39.658,52.756,68.46799999999999,227.0159999
MAC002078,2013,1,83.209,52.07,58.221000000000004,84.20899990000001,277.7089999
MAC002078,2013,2,54.227,28.544999999999998,35.695,63.221,181.688
MAC002078,2013,3,57.286,23.780999999999995,32.242,57.683000000000014,170.99200000000002
MAC002078,2013,4,53.355,21.898999999999997,26.207,48.7,150.161
MAC002078,2013,5,48.849,25.339,22.760999999999996,48.28900000000001,145.238
MAC002078,2013,6,50.986,26.188,21.948999999999998,49.762,148.885
MAC002078,2013,7,53.165,21.18,21.241,51.32200000000001,146.90800000000002
MAC002078,2013,8,54.611999999999995,27.942999999999998,26.942999999999998,53.436000000000014,162.934
MAC002078,2013,9,55.476,25.933,30.862,48.38300000000002,160.654
MAC002078,2013,10,56.049,31.089999999999996,31.676,49.849000000000004,168.664
MAC002078,2013,11,57.13199999999999,39.925999999999995,41.592,60.67300000000001,199.32299999999998
MAC002078,2013,12,71.072,47.727,43.077999999999996,62.553000000000004,224.43
MAC002078,2014,1,63.971999999999994,54.16,54.597,64.64,237.36899999999997
MAC002078,2014,2,57.473,32.512,34.113,54.28000000000001,178.37800000000001
MAC002082,2012,6,81.3000002,32.016,54.673000099999996,151.055,319.0440003
MAC002082,2012,7,114.54,76.2190003,162.4970003,221.889,575.1450006
MAC002082,2012,8,77.16799999999999,59.091,84.3439999,154.15800040000002,374.7610003
MAC002082,2012,9,70.1970001,50.5169999,113.927,165.2990003,399.9400003
MAC002082,2012,10,84.641,75.67699999999999,146.811,215.33899970000002,522.4679997000001
MAC002082,2012,11,75.742,55.388999899999995,143.0369998,230.02599990000002,504.1939996
MAC002082,2012,12,95.741,79.85,133.1240002,261.08499989999996,569.8000001
MAC002082,2013,1,103.577,70.317,148.5659999,261.4879999,583.9479998
MAC002082,2013,2,78.893,52.8209999,123.697,221.50700010000003,476.918
MAC002082,2013,3,88.278,62.445,135.548,260.5350001,546.8060001
MAC002082,2013,4,94.666,65.135,120.1499999,198.55899989999998,478.5099998
MAC002082,2013,5,75.2859999,53.300999899999994,93.1450001,188.5369998,410.2689997
MAC002082,2013,6,71.813,52.085,94.0400001,158.4430002,376.3810003
MAC002082,2013,7,84.98599999999999,64.75,91.6840002,187.59,429.0100002
MAC002082,2013,8,88.288,74.217,99.6729998,198.18599990000004,460.3639997
MAC002082,2013,9,70.605,59.184,126.7270001,187.78799999999998,444.3040001
MAC002082,2013,10,95.7650001,67.592,139.9209999,216.768,520.046
MAC002082,2013,11,93.609,67.209,139.6449998,250.98800029999998,551.4510001
MAC002082,2013,12,98.708,87.048,139.67500049999998,273.3739999,598.8050004
MAC002082,2014,1,94.6870001,62.3730001,139.0520002,237.13799989999998,533.2500003
MAC002082,2014,2,74.0069999,50.708999999999996,107.7600001,204.1840001,436.6600001
MAC002091,2012,6,16.68,8.017999999999999,11.710999999999999,16.542,52.951
MAC002091,2012,7,34.663,34.357,23.660999999999998,34.36700000000001,127.048
MAC002091,2012,8,30.831000099999997,15.800999999999998,13.280999999999997,18.757999999999996,78.67100009999999
MAC002091,2012,9,8.358999999999998,4.750999999999998,3.8519999999999985,9.090000000000002,26.052
MAC002091,2012,10,32.894999999999996,12.249999999999996,22.893,32.618,100.656
MAC002091,2012,11,71.59200009999999,54.4480001,86.929,160.77199969999998,373.7409999
MAC002091,2012,12,79.6579999,61.387999900000004,107.2190001,159.54300049999998,407.80800039999997
MAC002091,2013,1,46.1829999,41.8880002,56.525999999999996,66.8080003,211.4050004
MAC002091,2013,2,56.944,41.561000099999994,38.1480002,52.556999999999995,189.2100003
MAC002091,2013,3,53.8840001,30.317000099999998,37.7389999,55.666,177.6060001
MAC002091,2013,4,39.318,23.58,27.871,30.690999999999992,121.46
MAC002091,2013,5,36.921,19.444999999999997,30.060999999999996,27.56399999999999,113.99099999999999
MAC002091,2013,6,27.102999999999998,15.312,22.471999999999998,26.857999999999997,91.74499999999999
MAC002091,2013,7,27.820999899999997,19.721999999999998,21.049999999999997,32.71099999999999,101.30399989999998
MAC002091,2013,8,30.929,21.976999999999997,19.590999999999998,25.79599999999999,98.29299999999998
MAC002091,2013,9,23.52,17.657999999999998,23.862999999999996,26.302999999999997,91.344
MAC002091,2013,10,27.951999999999998,21.163999999999998,28.365,33.115,110.596
MAC002091,2013,11,26.901999999999997,23.831999999999997,32.32299999999999,49.9570001,133.0140001
MAC002091,2013,12,27.770999999999997,42.931999999999995,31.839999999999996,56.842999999999996,159.386
MAC002091,2014,1,19.123999999999995,23.044999999999995,26.052999999999997,34.271,102.493
MAC002091,2014,2,22.862,16.313,23.133,36.052,98.36
MAC002096,2012,6,16.614,11.148,20.95,27.753000000000004,76.465
MAC002096,2012,7,12.877999999999997,8.613999999999997,9.380999999999997,20.25599999999999,51.128999999999984
MAC002096,2012,8,14.786999999999995,9.047999999999995,9.066999999999997,22.009999999999987,54.91199999999998
MAC002096,2012,9,36.967999999999996,23.736999999999995,46.711,107.667,215.083
MAC002096,2012,10,39.645999999999994,24.702999999999996,76.017,239.153,379.519
MAC002096,2012,11,47.867999999999995,22.488999999999997,67.52,249.95499999999998,387.832
MAC002096,2012,12,65.026,24.791999999999998,58.211,263.825,411.854
MAC002096,2013,1,73.093,33.952,85.144,285.2,477.389
MAC002096,2013,2,38.614,26.911999999999995,75.97800000000001,244.596,386.1
MAC002096,2013,3,43.105999999999995,31.762999999999998,60.779,189.66,325.308
MAC002096,2013,4,46.589999999999996,30.076999999999998,31.793999999999997,43.64000000000001,152.101
MAC002096,2013,5,48.963,33.652,34.463,50.33099999999999,167.409
MAC002096,2013,6,1.6859999999999995,0.703,0.607,1.4999999999999998,4.4959999999999996
MAC002096,2013,7,0.0069999999999999,0.001,0.0,0.0,0.0079999999999999
MAC002096,2013,8,0.0,0.0,0.0,0.0,0.0
MAC002096,2013,9,0.0,0.0,0.0,0.0,0.0
MAC002096,2013,10,0.0,0.0,0.0,0.0,0.0
MAC002096,2013,11,0.0,0.0,0.0,0.0,0.0
MAC002096,2013,12,0.0069999999999999,0.0,0.0,0.0,0.0069999999999999
MAC002096,2014,1,0.0,0.0,0.047,0.0,0.047
MAC002096,2014,2,0.9789999999999998,1.0799999999999998,0.581,1.4280000000000004,4.068
MAC002100,2012,6,23.340999999999998,14.036999999999999,20.5550001,39.864,97.79700009999999
MAC002100,2012,7,66.45,37.574,57.609,99.72099999999999,261.354
MAC002100,2012,8,73.654,38.644999999999996,68.092,112.70499999999998,293.096
MAC002100,2012,9,72.432,43.641999999999996,71.2170001,116.41600000000003,303.7070001
MAC002100,2012,10,104.93499999999999,46.2919999,96.7939999,138.6829998,386.7039996
MAC002100,2012,11,80.18100009999999,50.677,85.4859999,191.5189997,407.8629997
MAC002100,2012,12,101.4989999,71.26299999999999,88.6610001,166.0990005,427.5220005
MAC002100,2013,1,125.7460001,59.8609998,104.0030003,258.3719997,547.9819999
MAC002100,2013,2,116.1920001,60.3870004,100.74899979999999,212.68299969999998,490.011
MAC002100,2013,3,107.75799980000001,67.95899999999999,89.891,192.43200059999998,458.04000039999994
MAC002100,2013,4,105.9379996,93.3359997,86.8580001,176.58100060000004,462.713
MAC002100,2013,5,94.41699969999999,79.068,71.44,103.19300009999999,348.1179998
MAC002100,2013,6,67.28899999999999,52.751999999999995,56.4289999,97.03900000000002,273.5089999
MAC002100,2013,7,68.319,51.384,61.007999999999996,118.68499990000002,299.3959999
MAC002100,2013,8,62.088,50.667,62.9100001,114.3209999,289.986
MAC002100,2013,9,95.912,70.7359999,95.4090001,106.718,368.775
MAC002100,2013,10,134.0070004,73.82700009999999,102.5840001,124.89600020000002,435.31400080000003
MAC002100,2013,11,129.4279999,134.8419997,129.463,231.0830002,624.8159998
MAC002100,2013,12,104.7150002,99.7930001,105.8080002,225.87799999999996,536.1940005
MAC002100,2014,1,113.9609999,93.0759999,107.8489999,222.40799969999998,537.2939994
MAC002100,2014,2,94.94200029999999,90.4660005,121.3680002,198.06400000000002,504.84000100000003
MAC002112,2012,6,47.799,30.108999999999998,33.238,85.891,197.037
MAC002112,2012,7,128.67,95.1199999,112.2059999,213.76699999999997,549.7629998
MAC002112,2012,8,98.87000019999999,58.028999999999996,75.434,142.24899999999997,374.5820002
MAC002112,2012,9,89.091,69.9849998,96.4519999,144.99799990000002,400.52599960000003
MAC002112,2012,10,100.073,93.8119998,132.8440002,142.15600000000003,468.885
MAC002112,2012,11,92.7710001,57.967,63.1339999,128.872,342.744
MAC002112,2012,12,126.3629998,92.485,116.6289999,188.0469998,523.5239995000001
MAC002112,2013,1,97.5860002,71.6809999,76.97,145.246,391.48300009999997
MAC002112,2013,2,57.059000000000005,44.7060001,47.157,74.80399999999999,223.7260001
MAC002112,2013,3,98.5029998,72.5990001,84.9729997,125.3319999,381.4069995
MAC002112,2013,4,216.4660005,156.1850001,193.6849996,231.25100020000002,797.5870004
MAC002112,2013,5,256.3859998,161.5630001,222.7070004,359.1110001,999.7670004
MAC002112,2013,6,142.4919999,93.4930001,136.7159999,152.7130002,525.4140001
MAC002112,2013,7,144.172,92.5520001,110.2600002,225.99399980000004,572.9780001
MAC002112,2013,8,103.962,64.577,85.6489999,184.5430001,438.731
MAC002112,2013,9,87.02199999999999,63.041,87.439,143.46099990000002,380.9629999
MAC002112,2013,10,90.285,63.4049999,80.27999989999999,119.68299999999999,353.6529998
MAC002112,2013,11,96.2580001,63.46,79.1779999,165.5289999,404.4249999
MAC002112,2013,12,86.1200001,48.448,53.73,126.74899999999997,315.0470001
MAC002112,2014,1,47.822,30.680999999999997,33.377,67.57499999999999,179.45499999999998
MAC002112,2014,2,36.87,21.77,22.764999999999997,51.065000000000005,132.47
MAC002114,2012,6,16.63,8.838,12.139,17.547000000000004,55.154
MAC002114,2012,7,43.581999999999994,22.612,37.498,42.70299999999999,146.39499999999998
MAC002114,2012,8,52.838,26.366999999999997,38.161,54.270999999999994,171.637
MAC002114,2012,9,52.413,30.935,52.678,60.93300000000001,196.959
MAC002114,2012,10,50.571999999999996,36.336999999999996,65.125,64.797,216.831
MAC002114,2012,11,45.924,31.269999999999996,72.5780002,84.627,234.3990002
MAC002114,2012,12,36.760999999999996,32.951,60.927,81.18099999999998,211.82
MAC002114,2013,1,49.75,32.184999999999995,61.0000001,63.437,206.37200009999998
MAC002114,2013,2,38.724,23.748999899999998,52.95,54.183,169.6059999
MAC002114,2013,3,39.22,23.924999999999997,46.113,62.050999999999995,171.309
MAC002114,2013,4,24.674999999999997,13.679999999999996,25.674999999999997,33.236999999999995,97.267
MAC002114,2013,5,36.747,18.523999999999997,34.969,43.43599999999999,133.676
MAC002114,2013,6,37.336999999999996,18.633,35.012,40.022000000000006,131.004
MAC002114,2013,7,54.71,22.326999999999998,33.671,48.003,158.71099999999998
MAC002114,2013,8,34.927,19.630999999999997,48.3350001,49.34099999999998,152.23400009999997
MAC002114,2013,9,43.61,23.747999999999998,69.449,49.92599999999998,186.73299999999998
MAC002114,2013,10,39.97,15.881999999999998,71.747,50.990999999999985,178.58999999999997
MAC002114,2013,11,44.849,21.883999999999997,59.153999899999995,66.38299979999998,192.26999969999997
MAC002114,2013,12,39.702,23.918,71.065,67.62599999999999,202.31099999999998
MAC002114,2014,1,43.847,26.115,65.681,59.86799999999999,195.511
MAC002114,2014,2,38.138,15.281999999999998,59.060000099999996,58.836999999999996,171.31700009999997
MAC002145,2012,6,49.134,30.993,26.281999900000002,44.353999900000005,150.7629998
MAC002145,2012,7,135.1079998,88.7610001,77.1659998,122.79000000000003,423.82499970000003
MAC002145,2012,8,134.0359997,75.3370001,75.4410001,120.82199999999996,405.63599989999994
MAC002145,2012,9,115.7469999,79.3109999,74.3180001,115.4829999,384.8589998
MAC002145,2012,10,122.83500000000001,74.7420001,103.82899979999999,122.551,423.95699989999997
MAC002145,2012,11,113.8550001,84.2729999,93.7830002,126.903,418.8140002
MAC002145,2012,12,108.4549999,97.9869999,105.7050002,142.149,454.296
MAC002145,2013,1,147.9709999,94.95600040000001,124.5409999,143.92099990000003,511.38900010000003
MAC002145,2013,2,108.5060001,69.5299998,104.6620001,127.02799999999998,409.726
MAC002145,2013,3,111.5430001,98.5330002,102.4399999,132.093,444.60900019999997
MAC002145,2013,4,115.5670004,70.0439999,93.9570005,117.77000009999996,397.33800089999994
MAC002145,2013,5,121.85999989999999,78.119,68.5919999,127.75799999999998,396.32899979999996
MAC002145,2013,6,116.4940001,68.4919999,82.3729999,121.84900009999996,389.20799999999997
MAC002145,2013,7,117.2710001,79.868,94.7280001,132.16199999999998,424.0290002
MAC002145,2013,8,126.1920001,82.2710002,80.6220001,124.43100000000001,413.5160004
MAC002145,2013,9,105.673,79.55399969999999,95.1520002,117.10499999999999,397.48399989999996
MAC002145,2013,10,123.9300001,78.6140001,105.2650002,129.24599990000002,437.0550003
MAC002145,2013,11,115.783,74.7579998,99.6750002,139.6109999,429.8269999
MAC002145,2013,12,130.6799998,95.20700000000001,103.771,146.95100000000002,476.6089998
MAC002145,2014,1,127.9319999,94.0619998,92.3730002,155.0389999,469.40599979999996
MAC002145,2014,2,107.9370001,82.4710004,93.494,118.60599999999998,402.5080005
MAC002158,2012,6,34.357,31.331,26.363,70.0950001,162.14600009999998
MAC002158,2012,7,82.231,76.807,86.70200009999999,180.95,426.69000009999996
MAC002158,2012,8,75.618,80.123,81.704,146.177,383.62199999999996
MAC002158,2012,9,79.703,66.31,70.431,135.984,352.428
MAC002158,2012,10,90.209,82.679,81.781,136.05700000000002,390.726
MAC002158,2012,11,79.92699999999999,78.962,82.7400001,142.259,383.8880001
MAC002158,2012,12,70.538,66.3690001,71.999,137.964,346.87000009999997
MAC002158,2013,1,70.83,66.048,78.309,142.2159998,357.4029998
MAC002158,2013,2,64.344,52.649,70.182,119.7,306.875
MAC002158,2013,3,74.17999999999999,66.985,79.652,135.857,356.674
MAC002158,2013,4,73.624,80.986,74.725,134.319,363.654
MAC002158,2013,5,75.441,74.582,76.1390001,132.707,358.8690001
MAC002158,2013,6,74.005,67.95,63.556,141.34,346.851
MAC002158,2013,7,71.362,69.586,72.817,151.568,365.33299999999997
MAC002158,2013,8,71.136,69.6569999,67.536,150.51399999999998,358.8429999
MAC002158,2013,9,68.071,54.871,67.3629999,126.60300000000001,316.9079999
MAC002158,2013,10,81.155,70.975,80.522,140.38,373.032
MAC002158,2013,11,89.346,73.26100009999999,99.138,147.352,409.0970001
MAC002158,2013,12,94.65,75.527,93.5579999,166.732,430.4669999
MAC002158,2014,1,93.25,84.208,95.955,162.228,435.64099999999996
MAC002158,2014,2,75.233,59.911,77.436,133.84799999999998,346.428
MAC002160,2012,6,11.467999999999998,11.030999999999999,15.046,12.943000000000005,50.488
MAC002160,2012,7,34.269,34.650999899999995,51.0010001,52.589,172.51
MAC002160,2012,8,39.67999999999999,32.43,45.845,54.55800000000001,172.51299999999998
MAC002160,2012,9,171.22,105.549,104.228,247.51999999999998,628.517
MAC002160,2012,10,72.52799999999999,30.269,32.812,60.795999999999985,196.40499999999997
MAC002160,2012,11,41.793,44.144999899999995,51.349,45.96799999999999,183.2549999
MAC002160,2012,12,42.092999999999996,65.7179999,64.3009999,82.43199999999997,254.54399979999997
MAC002160,2013,1,17.601999999999997,18.360999999999997,20.395,22.069000000000003,78.42699999999999
MAC002160,2013,2,26.065999999999995,30.539999899999998,34.939,33.705999999999996,125.25099989999998
MAC002160,2013,3,29.059999999999995,39.747,35.135999999999996,42.864000000000004,146.807
MAC002160,2013,4,44.157,22.676,32.709999999999994,32.84699999999999,132.39
MAC002160,2013,5,80.6789999,64.328,71.058,100.8570001,316.92199999999997
MAC002160,2013,6,17.846999999999998,20.410999999999998,27.738999999999997,39.099000000000004,105.096
MAC002160,2013,7,28.126999999999995,20.09,26.955999999999996,41.303,116.47599999999998
MAC002160,2013,8,30.242999999999995,19.8929999,27.29,35.005,112.43099989999999
MAC002160,2013,9,47.4120001,46.043999899999996,49.3090001,54.185,196.95000009999998
MAC002160,2013,10,29.870999999999995,26.171,28.089999999999996,42.07800000000001,126.21000000000001
MAC002160,2013,11,20.894999999999996,27.596999999999998,30.692,46.43000000000001,125.614
MAC002160,2013,12,23.944,36.039,29.848,47.53300000000001,137.364
MAC002160,2014,1,17.750999999999998,20.186999999999998,33.599,34.86999999999999,106.40699999999998
MAC002160,2014,2,31.733999999999995,64.629,52.9759999,74.643,223.9819999
MAC002162,2012,6,5.571999999999999,3.681999999999998,3.543999999999999,9.123999999999999,21.921999999999997
MAC002162,2012,7,16.250999999999998,10.039999999999997,11.969999999999997,30.243999999999993,68.50499999999998
MAC002162,2012,8,12.261999999999999,7.935999999999998,8.457999999999998,21.38,50.036
MAC002162,2012,9,15.751999999999999,11.322999999999999,14.286999999999997,31.374000000000002,72.736
MAC002162,2012,10,26.711,17.092,23.275999999999996,43.185,110.264
MAC002162,2012,11,25.864,13.140999999999998,16.031,35.32399999999999,90.36
MAC002162,2012,12,24.656999999999996,15.304999999999998,14.873999999999997,36.29899999999999,91.13499999999999
MAC002162,2013,1,23.99,16.349999999999998,21.773999999999997,44.07099999999999,106.18499999999999
MAC002162,2013,2,22.076999999999998,15.912999999999998,18.420999999999996,37.81100000000001,94.22200000000001
MAC002162,2013,3,182.915,117.867,123.424,275.976,700.182
MAC002162,2013,4,112.079,84.984,85.44500000000001,176.177,458.685
MAC002162,2013,5,58.317,42.165,37.659,75.04099999999997,213.18199999999996
MAC002162,2013,6,24.756999999999994,14.939999999999998,15.749999999999998,33.473,88.91999999999999
MAC002162,2013,7,17.897,12.776999999999996,12.344999999999997,30.518000000000004,73.53699999999999
MAC002162,2013,8,25.458,15.600999999999996,17.795999999999996,41.297,100.152
MAC002162,2013,9,19.257999999999996,12.181999999999997,13.951999999999998,35.05,80.442
MAC002162,2013,10,5.779999999999995,4.960999999999998,6.463999999999997,9.002,26.206999999999994
MAC002162,2013,11,7.209999999999997,8.880999999999997,9.149999999999999,21.532999999999994,46.77399999999999
MAC002162,2013,12,7.7769999999999975,9.073999999999998,8.057999999999998,30.459999999999987,55.36899999999998
MAC002162,2014,1,2.119999999999998,1.406999999999998,1.4159999999999986,3.2259999999999973,8.168999999999993
MAC002162,2014,2,1.8849999999999982,1.3369999999999984,1.3439999999999988,3.2229999999999985,7.788999999999995
MAC002165,2012,6,42.874,19.1410001,30.6289998,32.708000000000006,125.3519999
MAC002165,2012,7,104.81099979999999,48.467,41.99699999999999,92.49700010000002,287.7719999
MAC002165,2012,8,73.7410003,53.830999999999996,39.3319999,76.73,243.6340002
MAC002165,2012,9,120.5910001,67.4599999,100.2740001,133.0570001,421.3820002
MAC002165,2012,10,112.4609998,57.038,150.6660003,160.3080001,480.4730002
MAC002165,2012,11,157.4549999,102.54799990000001,185.2139999,245.42999970000002,690.6469994
MAC002165,2012,12,125.2520005,81.341,115.0109998,177.25599989999995,498.8600002
MAC002165,2013,1,155.3640005,100.1540002,158.0199999,225.469,639.0070006
MAC002165,2013,2,126.0419999,81.0910002,93.7640004,144.653,445.5500005
MAC002165,2013,3,167.9779993,97.6060002,161.0119997,251.833,678.4289992
MAC002165,2013,4,106.265,79.5180001,75.866,131.71800000000002,393.3670001
MAC002165,2013,5,166.2159997,110.98100000000001,102.4899999,179.35099959999997,559.0379992
MAC002165,2013,6,145.8000003,73.389,102.8120001,156.7889999,478.7900003
MAC002165,2013,7,108.976,66.3489999,63.2730001,144.76300009999997,383.36100009999996
MAC002165,2013,8,63.245,56.414999699999996,39.260999999999996,90.684,249.60499969999998
MAC002165,2013,9,127.688,83.6720002,99.8210002,123.7019999,434.8830003
MAC002165,2013,10,175.696,103.4900001,141.3219998,155.0619998,575.5699997
MAC002165,2013,11,161.9340003,107.30200020000001,180.6140003,190.09099980000002,639.9410006
MAC002165,2013,12,109.727,85.61399999999999,102.3119999,133.60400009999998,431.25699999999995
MAC002165,2014,1,170.2840001,98.127,172.1710001,197.72500000000002,638.3070002000001
MAC002165,2014,2,112.7589999,70.6469999,103.589,145.73299989999998,432.7279997
MAC002171,2012,6,22.496,8.884999999999998,17.5310001,19.421,68.33300009999999
MAC002171,2012,7,82.41900009999999,48.4429999,62.0870001,66.2369999,259.186
MAC002171,2012,8,50.4139999,22.302,36.296999899999996,54.96700000000001,163.9799998
MAC002171,2012,9,67.7990001,44.97,54.3060001,62.28299999999999,229.35800019999996
MAC002171,2012,10,80.838,31.563,69.5969999,65.601,247.5989999
MAC002171,2012,11,71.4640001,38.1929999,50.6080001,74.124,234.38900009999998
MAC002171,2012,12,81.6270001,42.235,78.7180002,73.74600000000002,276.32600030000003
MAC002171,2013,1,75.92699999999999,46.571999999999996,68.6439999,72.459,263.6019999
MAC002171,2013,2,77.104,37.2880001,61.282000000000004,74.619,250.2930001
MAC002171,2013,3,76.771,36.477000000000004,65.4280003,83.37900000000002,262.0550003
MAC002171,2013,4,74.4339999,29.206999999999997,54.111,70.629,228.3809999
MAC002171,2013,5,160.1519998,89.8880001,123.554,96.2589999,469.8529998
MAC002171,2013,6,37.238,21.5969999,28.548,35.1520001,122.535
MAC002172,2012,6,7.776999999999999,5.821999999999999,12.3189999,12.154,38.0719999
MAC002172,2012,7,34.297999999999995,25.923,36.016999999999996,46.364,142.602
MAC002172,2012,8,33.907,25.093,32.8199999,53.973,145.79299989999998
MAC002172,2012,9,24.87499999999999,16.228999999999992,27.297999999999995,32.607999999999976,101.00999999999996
MAC002172,2012,10,41.463,36.644999999999996,53.117,54.209,185.434
MAC002172,2012,11,46.135999999999996,30.898999999999997,50.661,62.6090001,190.30500009999997
MAC002172,2012,12,54.269,37.925999999999995,55.439,60.469000099999995,208.10300009999997
MAC002172,2013,1,61.748,47.693,61.132999999999996,74.02300009999999,244.5970001
MAC002172,2013,2,50.296,42.751,48.369,64.6419999,206.0579999
MAC002172,2013,3,58.67699999999999,45.1129999,48.696,63.9510001,216.43699999999998
MAC002172,2013,4,43.7619999,31.692000099999998,39.853,51.06,166.367
MAC002172,2013,5,38.921,28.934999999999995,38.857,48.4529999,155.1659999
MAC002172,2013,6,35.579,26.038999999999998,30.576,55.859999900000005,148.0539999
MAC002172,2013,7,38.026999999999994,28.675,32.0669999,57.30899990000001,156.07799980000001
MAC002172,2013,8,36.586999999999996,26.235,28.823999999999998,58.1869999,149.8329999
MAC002172,2013,9,38.592999899999995,30.162,42.266999999999996,49.50500000000001,160.52699990000002
MAC002172,2013,10,43.437,28.583,34.824,43.67300000000001,150.517
MAC002172,2013,11,41.39999999999999,28.269999999999996,47.1039999,47.019000000000005,163.7929999
MAC002172,2013,12,50.834999999999994,29.996,52.95099999999999,53.624999999999986,187.40699999999998
MAC002172,2014,1,50.306999999999995,34.099,57.298,52.533,194.237
MAC002172,2014,2,39.535999999999994,28.241999999999997,43.074,45.56899999999999,156.421
MAC002179,2012,6,13.705,7.361999999999999,4.188999999999999,9.956000000000001,35.212
MAC002179,2012,7,100.932,65.129,24.205,36.29599999999998,226.56199999999995
MAC002179,2012,8,61.266999999999996,32.576,32.896,50.67999999999999,177.41899999999998
MAC002179,2012,9,79.954,52.4570001,102.1870001,91.16100009999998,325.75900029999997
MAC002179,2012,10,111.07499999999999,66.18,112.2119998,100.89500009999999,390.3619999
MAC002179,2012,11,101.382,69.1379999,133.5200001,120.91900000000001,424.959
MAC002179,2012,12,112.511,80.8,127.2440001,142.7679999,463.32300000000004
MAC002179,2013,1,115.5420001,83.977,113.6780001,141.779,454.9760002
MAC002179,2013,2,95.005,45.318999999999996,93.2820001,107.57999990000002,341.186
MAC002179,2013,3,97.411,46.342999999999996,83.02399989999999,110.4920001,337.27
MAC002179,2013,4,86.6510001,38.189,67.2730001,84.64500000000001,276.7580002
MAC002179,2013,5,95.5980002,42.961,76.026,90.6319999,305.2170001
MAC002179,2013,6,80.83399990000001,36.907,70.889,86.53999999999999,275.1699999
MAC002179,2013,7,69.957,35.079,53.98,77.003,236.01899999999998
MAC002179,2013,8,76.67999999999999,39.93,61.4579999,80.53799989999999,258.6059998
MAC002179,2013,9,79.8310001,48.2749999,94.6849999,90.58799999999998,313.37899989999994
MAC002179,2013,10,88.548,59.303,107.226,116.22099999999999,371.29799999999994
MAC002179,2013,11,97.1629998,66.318,134.7719999,138.2639997,436.5169994
MAC002179,2013,12,352.8570016,201.3580003,376.5490004,362.23799870000005,1293.002001
MAC002179,2014,1,126.672,71.856,126.283,126.81100009999999,451.6220001
MAC002179,2014,2,78.921,44.6349999,98.757,116.65900009999999,338.972
MAC002180,2012,6,13.481,5.494999999999999,16.864,24.223,60.062999999999995
MAC002180,2012,7,46.115,28.906999999999996,69.8019997,83.0359999,227.85999959999998
MAC002180,2012,8,32.076,21.846999999999998,47.733,59.513999999999996,161.17
MAC002180,2012,9,57.5140001,29.991999999999997,96.84500030000001,89.152,273.50300039999996
MAC002180,2012,10,58.001999999999995,30.342999999999996,109.7659999,96.31299999999999,294.42399989999996
MAC002180,2012,11,67.523,40.910999999999994,115.0939999,114.66000010000002,338.188
MAC002180,2012,12,57.5080001,35.492,101.767,103.63799999999999,298.4050001
MAC002180,2013,1,67.408,38.288999999999994,109.926,118.24800009999998,333.8710001
MAC002180,2013,2,57.54,32.787999899999996,101.6569998,102.85100019999999,294.8359999
MAC002180,2013,3,53.529999999999994,40.515,91.5790001,104.954,290.5780001
MAC002180,2013,4,48.745000000000005,27.766,72.60899979999999,95.9469999,245.0669997
MAC002180,2013,5,41.112,30.322999999999997,76.391,88.83599999999998,236.66199999999998
MAC002180,2013,6,45.465,28.410999999999998,87.4259998,91.174,252.4759998
MAC002180,2013,7,55.507999999999996,30.104,80.8329999,111.59899999999996,278.04399989999996
MAC002180,2013,8,37.568,26.802999999999997,43.879,62.874,171.124
MAC002180,2013,9,60.363,30.735999999999997,98.8040002,91.29299999999999,281.19600019999996
MAC002180,2013,10,66.67399999999999,40.772,104.083,89.522,301.051
MAC002180,2013,11,67.896,36.7170001,119.285,104.19699989999998,328.09499999999997
MAC002180,2013,12,63.498,35.134,95.2099999,100.08800000000001,293.9299999
MAC002180,2014,1,72.69,42.164,114.6589998,105.94400009999997,335.45699989999997
MAC002180,2014,2,56.895,35.522999999999996,87.1650002,85.89099999999999,265.4740002
MAC002184,2012,6,24.506999999999998,16.8790001,15.051,38.99899999999999,95.43600009999999
MAC002184,2012,7,101.122,75.1069998,65.6720001,156.76899989999998,398.66999979999997
MAC002184,2012,8,87.603,57.685,57.616,150.1310001,353.0350001
MAC002184,2012,9,120.83399990000001,76.7469999,74.509,166.00799999999998,438.09799979999997
MAC002184,2012,10,150.0430001,123.3440002,128.697,264.43500009999997,666.5190004
MAC002184,2012,11,78.90400009999999,57.8940001,55.4209999,148.6060003,340.82500039999996
MAC002184,2012,12,64.56099999999999,68.4750001,83.7990001,151.4099998,368.245
MAC002184,2013,1,80.246,61.7090002,56.3090001,124.97800000000001,323.2420003
MAC002184,2013,2,54.9749999,51.8449999,48.1269999,126.198,281.14499969999997
MAC002184,2013,3,77.5390002,49.8669997,50.567,132.2639999,310.2369998
MAC002184,2013,4,96.7950001,59.67,63.644999899999995,136.749,356.859
MAC002184,2013,5,75.9990001,33.8019999,37.132999999999996,101.512,248.446
MAC002184,2013,6,73.815,45.797,54.116000199999995,122.28099979999999,296.009
MAC002184,2013,7,76.947,50.803,31.373999999999995,132.312,291.43600000000004
MAC002184,2013,8,54.244,33.12,35.445000099999994,94.92000000000002,217.7290001
MAC002184,2013,9,81.1789999,41.609,52.391,126.13999970000002,301.3189996
MAC002184,2013,10,72.845,42.285,54.605,120.64699999999999,290.382
MAC002184,2013,11,57.452,32.9819999,43.667000099999996,102.4879999,236.5889999
MAC002184,2013,12,68.393,49.190999999999995,50.13099999999999,123.49800000000002,291.213
MAC002184,2014,1,82.07199969999999,43.074,51.946999999999996,137.01100010000002,314.1039998
MAC002184,2014,2,66.49699989999999,43.1790003,60.2450001,136.5220003,306.4430006
MAC002187,2012,6,17.054000000000002,8.561,17.964,26.687999999999995,70.267
MAC002187,2012,7,89.818,59.0509998,77.253,97.669,323.7909998
MAC002187,2012,8,58.882999999999996,40.672,64.017,78.648,242.21999999999997
MAC002187,2012,9,84.5590002,51.631,84.4000002,85.0910001,305.6810005
MAC002187,2012,10,101.14,64.99,100.2960001,113.80999999999996,380.23600009999996
MAC002187,2012,11,109.42,72.91,84.2490001,117.74199999999999,384.3210001
MAC002187,2012,12,93.94800000000001,83.818,80.0189999,116.592,374.3769999
MAC002187,2013,1,79.03600010000001,61.8000001,74.5639999,106.48299979999999,321.88299989999996
MAC002187,2013,2,74.444,54.449,77.126,104.82399999999998,310.84299999999996
MAC002187,2013,3,84.3160001,66.872,84.0060001,122.83300000000001,358.0270002
MAC002187,2013,4,65.2080001,44.455999999999996,73.734,81.829,265.2270001
MAC002187,2013,5,107.4960001,69.036,101.1289999,96.89099999999999,374.55199999999996
MAC002187,2013,6,80.347,56.147999999999996,76.224,85.31300000000002,298.032
MAC002187,2013,7,117.39300019999999,62.6929999,61.841,77.98899990000002,319.916
MAC002187,2013,8,89.3529999,53.749,52.855999999999995,93.07199999999999,289.0299999
MAC002187,2013,9,49.716,27.670000099999996,55.326,64.106,196.8180001
MAC002187,2013,10,64.0290001,46.1750001,53.5029999,51.26399999999999,214.9710001
MAC002200,2012,6,12.969999999999999,5.309,11.313,17.040000000000003,46.632
MAC002200,2012,7,110.289,58.399,126.9640001,132.5509999,428.20300000000003
MAC002200,2012,8,102.868,53.092999999999996,105.4350005,132.06699999999998,393.46300049999996
MAC002200,2012,9,127.42,70.106,134.8330002,141.969,474.3280002
MAC002200,2012,10,115.715,73.247,133.1410001,144.456,466.5590001
MAC002200,2012,11,100.937,88.7569998,116.1470002,125.9420001,431.7830001
MAC002200,2012,12,67.391,40.964999999999996,64.969,128.664,301.989
MAC002200,2013,1,115.2800002,77.267,134.90399969999999,168.022,495.4729999
MAC002200,2013,2,106.603,60.839,118.2860003,164.5210001,450.2490004
MAC002200,2013,3,109.654,64.155,107.4320001,140.7850002,422.0260003
MAC002200,2013,4,113.7440001,57.717999999999996,115.41600030000001,116.91399999999999,403.7920004
MAC002200,2013,5,108.38699989999999,53.449,109.354,130.38200009999997,401.57199999999995
MAC002200,2013,6,7.833999999999998,8.645999999999999,3.589999999999999,7.057999999999992,27.12799999999999
MAC002202,2012,6,13.681,5.375,12.049,13.918000000000003,45.022999999999996
MAC002202,2012,7,59.739,24.177999999999997,53.596000000000004,67.93100000000001,205.444
MAC002202,2012,8,48.605999999999995,25.464,42.918,65.49,182.47799999999998
MAC002202,2012,9,49.736,24.784,52.528,65.501,192.54899999999998
MAC002202,2012,10,54.686999899999996,28.801999999999996,74.0790002,74.57699999999998,232.14500009999998
MAC002202,2012,11,47.74099999999999,32.977999999999994,55.238999899999996,75.48899999999999,211.44699989999998
MAC002202,2012,12,51.916999999999994,36.908000099999995,56.876999999999995,80.1089999,225.81099999999998
MAC002202,2013,1,63.68,39.2399999,66.074,82.85999999999999,251.85399989999996
MAC002202,2013,2,59.646,29.904999999999998,56.6179999,75.3,221.46899989999997
MAC002202,2013,3,58.335,30.766,46.599,85.87799999999999,221.57799999999997
MAC002202,2013,4,22.493,13.644999999999998,15.392,27.488999999999987,79.01899999999999
MAC002202,2013,5,32.242999999999995,20.840999999999998,21.634000099999998,37.95899999999999,112.67700009999999
MAC002202,2013,6,55.8970001,32.004,57.986,57.915000000000006,203.8020001
MAC002202,2013,7,47.733999999999995,25.8030001,40.813000100000004,55.41900000000001,169.7690002
MAC002202,2013,8,52.806,29.877999999999997,53.951,50.897,187.53199999999998
MAC002202,2013,9,49.641999999999996,40.187999999999995,85.1470001,61.192,236.16900009999998
MAC002202,2013,10,61.049,29.677999999999997,75.1570002,67.567,233.45100019999998
MAC002202,2013,11,59.03,49.137,69.21500019999999,85.82800000000002,263.2100002
MAC002202,2013,12,56.129999999999995,50.5860001,67.864,82.5859999,257.166
MAC002202,2014,1,59.496,46.316,76.5229999,92.015,274.3499999
MAC002202,2014,2,43.205999999999996,32.3859999,56.734,69.84499999999998,202.17099989999997
MAC002203,2012,6,4.284,2.3019999999999996,2.445,6.186999999999999,15.218
MAC002203,2012,7,24.726,15.230999999999998,16.849,40.86699999999999,97.67299999999999
MAC002203,2012,8,26.056,16.034,16.712,44.011999999999986,102.814
MAC002203,2012,9,26.23,13.348999999999998,17.252999999999997,44.93399999999998,101.76599999999999
MAC002203,2012,10,24.485,12.331999999999997,23.601999999999997,49.45299999999998,109.87199999999999
MAC002203,2012,11,23.057999999999996,10.216999999999995,22.702999999999996,46.03599999999999,102.01399999999997
MAC002203,2012,12,36.251999999999995,24.985999999999997,35.489,63.719,160.446
MAC002203,2013,1,40.728,21.822,29.875999999999998,73.233,165.659
MAC002203,2013,2,33.504999999999995,17.087999999999997,27.374999999999996,61.394000000000005,139.362
MAC002203,2013,3,39.611,21.426999999999996,32.284,62.723000000000006,156.045
MAC002203,2013,4,29.968999999999998,13.771999999999998,28.060999999999996,53.447999999999986,125.24999999999999
MAC002203,2013,5,27.605,15.907999999999998,18.494999999999997,44.50999999999999,106.51799999999999
MAC002203,2013,6,26.290999999999993,17.370999999999995,17.160999999999998,35.902999999999984,96.72599999999997
MAC002203,2013,7,25.644999999999996,20.215999999999998,17.771999999999995,35.35699999999999,98.98999999999998
MAC002203,2013,8,32.068,23.883,17.445999999999998,39.708999999999996,113.106
MAC002203,2013,9,35.363,25.101999999999997,19.188999999999997,44.248999999999995,123.90299999999999
MAC002203,2013,10,29.543999999999997,18.676,22.965999999999998,45.266000000000005,116.452
MAC002203,2013,11,27.996999999999996,20.805999999999997,30.108999999999998,45.334,124.246
MAC002203,2013,12,31.509,21.563999999999997,35.111,52.269,140.453
MAC002203,2014,1,33.992,19.901999999999997,29.103999999999996,45.061,128.059
MAC002203,2014,2,28.166999999999998,17.834999999999997,23.445999999999998,38.364000000000004,107.812
MAC002204,2012,6,3.053,1.8089999999999993,2.4059999999999997,6.131999999999997,13.399999999999997
MAC002204,2012,7,27.154,14.170999999999996,22.7,37.199,101.22399999999999
MAC002204,2012,8,32.464,15.535999999999996,28.122999999999994,41.589999999999996,117.713
MAC002204,2012,9,20.986,12.985999999999997,14.348999999999997,31.854000000000003,80.175
MAC002204,2012,10,31.500999999999998,19.267999999999997,33.3170001,42.355999999999995,126.44200009999999
MAC002204,2012,11,38.156,21.419999999999998,43.803999999999995,49.381,152.761
MAC002204,2012,12,29.813999999999997,19.184999999999995,26.574999999999996,46.26199999999999,121.83599999999998
MAC002204,2013,1,33.562,22.377999999999997,38.73,52.747,147.417
MAC002204,2013,2,24.291,20.822,37.509,49.655,132.277
MAC002204,2013,3,34.589999999999996,20.104999999999997,22.703999999999997,57.631,135.03
MAC002204,2013,4,18.654,11.221999999999998,11.373999999999997,29.809000000000005,71.05900000000001
MAC002204,2013,5,20.657,11.961999999999996,11.953999999999997,29.078999999999997,73.652
MAC002204,2013,6,20.250999999999998,12.273999999999996,12.244999999999996,29.422999999999988,74.19299999999998
MAC002204,2013,7,22.084,13.579999999999995,13.630999999999997,33.43999999999999,82.73499999999999
MAC002204,2013,8,21.915999999999997,13.381999999999998,13.460999999999997,32.797999999999995,81.55699999999999
MAC002204,2013,9,20.070999999999998,12.418999999999995,12.369999999999996,30.387999999999984,75.24799999999998
MAC002204,2013,10,19.918999999999997,12.360999999999994,12.186999999999994,30.037999999999986,74.50499999999998
MAC002204,2013,11,24.459,15.345999999999997,14.085999999999997,31.659999999999997,85.55099999999999
MAC002204,2013,12,24.105,17.443999999999996,14.360999999999997,28.273999999999994,84.18399999999998
MAC002204,2014,1,18.372999999999998,11.803999999999997,10.344,23.925999999999995,64.44699999999999
MAC002204,2014,2,19.665999999999997,13.123,10.152999999999999,21.049999999999997,63.992
