LCLid,day,morning,afternoon,evening,night
MAC000131,2011-12-16,3.7220001,1.5650000000000002,4.165,4.764000000000004
MAC000131,2011-12-17,2.302,1.895,3.202,1.7119999999999997
MAC000131,2011-12-18,1.8079999999999998,2.8550000000000004,3.366,2.481999999999997
MAC000131,2011-12-19,3.093,2.377,4.99,5.186999999999999
MAC000131,2011-12-20,4.513,3.059,5.2219999999999995,4.366000000000001
MAC000131,2011-12-21,1.575,1.096,5.074,3.5390000000000015
MAC000131,2011-12-22,1.3419999999999999,1.04,3.277,4.965999999999998
MAC000131,2011-12-23,2.59,2.818,3.7689999999999997,4.796999999999999
MAC000131,2011-12-25,2.2459999999999996,4.515000000000001,5.244999999999999,4.275000000000004
MAC000131,2011-12-26,1.575,3.393,1.8609999999999998,5.7330000000000005
MAC000131,2011-12-27,1.415,3.3899999999999997,3.36,4.987000000000002
MAC000131,2011-12-28,2.6329999999999996,2.0949999999999998,5.503,4.194000000000003
MAC000131,2011-12-29,1.7159999999999997,4.107,5.248,3.6670000000000025
MAC000131,2011-12-30,1.6200000000000003,3.3779999999999997,3.458,4.833000000000002
MAC000131,2011-12-31,1.505,5.3660000000000005,5.272,3.4920000000000027
MAC000131,2012-01-01,2.862,3.697,3.136,2.594000000000001
MAC000131,2012-01-02,1.495,1.5939999999999999,4.449,4.562000000000001
MAC000131,2012-01-03,1.4380000000000002,3.438,2.247,4.180999999999999
MAC000131,2012-01-04,1.5420000000000003,1.8570000000000002,3.598,3.383999999999997
MAC000131,2012-01-05,1.62,4.27,5.215999999999999,4.783000000000003
MAC000131,2012-01-06,1.5579999999999998,0.664,3.6310000000000002,4.8820000000000014
MAC000131,2012-01-07,1.369,1.5510000000000002,1.9699999999999998,1.7049999999999992
MAC000131,2012-01-08,2.639,3.139,3.226,2.060000000000003
MAC000131,2012-01-09,1.39,2.252,4.974,3.8810000000000002
MAC000131,2012-01-10,1.6539999999999992,1.572,2.71,3.726000000000001
MAC000131,2012-01-11,1.7069999999999999,2.7060000000000004,4.308,2.8489999999999993
MAC000131,2012-01-12,2.9399999999999995,4.631,4.057,4.055999999999996
MAC000131,2012-01-13,1.525,0.659,5.0910001000000005,4.364999999999998
MAC000131,2012-01-14,1.694,2.342,1.8559999999999997,1.7379999999999967
MAC000131,2012-01-15,1.795,4.347,3.0630000000000006,1.9299999999999953
MAC000131,2012-01-16,1.4720000000000002,2.337,4.976,4.607000000000002
MAC000131,2012-01-17,1.4180000000000001,1.1099999999999999,4.757,3.560999999999998
MAC000131,2012-01-18,1.54,2.562,4.394,2.399000000000001
MAC000131,2012-01-19,1.4100000000000001,1.045,4.598,4.6290000000000004
MAC000131,2012-01-20,1.6059999999999997,0.6599999999999999,3.84,4.677
MAC000131,2012-01-21,2.621,1.245,2.6759999999999997,1.8619999999999997
MAC000131,2012-01-22,2.5909999999999997,1.261,2.6390000000000002,1.8499999999999996
MAC000131,2012-01-23,1.334,2.213,4.2940000000000005,3.799999999999997
MAC000131,2012-01-24,1.541,2.6079999999999997,2.452,4.176999999999997
MAC000131,2012-01-25,1.2670000000000001,0.957,5.070999999999999,4.2040000000000015
MAC000131,2012-01-26,1.4670000000000003,1.2909999999999997,4.958,5.034999999999997
MAC000131,2012-01-27,1.315,0.669,4.779999999999999,3.9080000000000013
MAC000131,2012-01-28,1.6369999999999996,1.0079999999999998,1.702,1.729
MAC000131,2012-01-29,3.2279999999999998,4.05,3.2729999999999997,1.9960000000000049
MAC000131,2012-01-30,3.4649999999999994,0.636,4.177,4.293000000000003
MAC000131,2012-01-31,1.526,2.037,3.8070000000000004,4.475
MAC000131,2012-02-01,1.5129999999999997,1.8709999999999998,4.535,3.743000000000004
MAC000131,2012-02-02,1.205,0.8240000000000001,3.795,4.801
MAC000131,2012-02-03,3.0250000000000004,0.839,3.818,4.8469999999999995
MAC000131,2012-02-04,1.6340000000000001,3.845,3.2019999999999995,1.5430000000000015
MAC000131,2012-02-05,3.083,4.037,3.056,2.2469999999999946
MAC000131,2012-02-06,1.5179999999999998,2.185,3.7150000000000003,4.522
MAC000131,2012-02-07,1.584,2.2439999999999998,4.3469999999999995,4.602999999999998
MAC000131,2012-02-08,1.8299999999999998,1.863,3.6570000000000005,3.9009999999999994
MAC000131,2012-02-09,1.9589999999999996,5.507,4.928999999999999,4.989000000000005
MAC000131,2012-02-10,1.474,0.69,3.939,4.710000000000001
MAC000131,2012-02-11,2.438,1.529,2.7969999999999993,1.6590000000000003
MAC000131,2012-02-12,1.829,2.629,3.0529999999999995,2.1279999999999997
MAC000131,2012-02-13,1.507,2.52,3.612,5.324999999999999
MAC000131,2012-02-14,1.5349999999999997,2.0890000000000004,4.035,3.2059999999999995
MAC000131,2012-02-15,1.257,1.842,4.658,4.898000000000001
MAC000131,2012-02-16,1.755,4.503,5.03,5.255
MAC000131,2012-02-17,1.967,0.728,5.085000000000001,4.597000000000003
MAC000131,2012-02-18,1.5449999999999997,2.8709999999999996,2.9300000000000006,1.7699999999999978
MAC000131,2012-02-19,1.6360000000000001,5.127,3.085,2.192
MAC000131,2012-02-20,1.4789999999999996,2.6229999999999998,4.253,4.166
MAC000131,2012-02-21,1.366,1.932,5.096,3.2299999999999986
MAC000131,2012-02-22,2.7509999999999994,3.8240000000000003,4.096,4.285000000000002
MAC000131,2012-02-23,1.4989999999999999,0.9299999999999999,3.536,3.699999999999997
MAC000131,2012-02-24,1.4070000000000003,0.6539999999999999,4.9439999,2.4810000000000016
MAC000131,2012-02-25,1.2969999999999997,1.1069999999999998,1.6589999999999996,1.8209999999999986
MAC000131,2012-02-26,2.0300000000000002,1.27,2.635,1.977000000000002
MAC000131,2012-02-27,1.3369999999999997,2.4059999999999997,3.1510000000000002,4.279000000000002
MAC000131,2012-02-28,1.3619999999999999,1.0290000000000001,2.378,3.9979999999999993
MAC000131,2012-02-29,1.6879999999999997,2.547,1.349,2.5939999999999994
MAC000131,2012-03-01,1.42,1.022,3.27,4.479000000000001
MAC000131,2012-03-02,1.4870000000000003,0.643,3.0,4.172
MAC000131,2012-03-03,1.6340000000000001,1.132,2.3430000000000004,1.6970000000000005
MAC000131,2012-03-04,3.0469999999999997,4.975999999999999,3.036,1.9829999999999983
MAC000131,2012-03-05,2.336,2.4,3.6759999999999997,5.424999999999997
MAC000131,2012-03-06,1.9260000000000002,2.6530000000000005,4.4350000000000005,3.7759999999999962
MAC000131,2012-03-07,1.908,2.8029999999999995,3.831,4.819000000000003
MAC000131,2012-03-08,2.151,0.648,5.420000000000001,4.208000000000001
MAC000131,2012-03-09,3.663,0.653,2.223,4.101999999999999
MAC000131,2012-03-10,2.0009999999999994,3.624,2.0820000000000003,1.8689999999999989
MAC000131,2012-03-11,2.1109999999999998,3.489,3.086,1.7800000000000007
MAC000131,2012-03-12,1.634,1.9189999999999998,1.686,5.115000000000001
MAC000131,2012-03-13,1.3569999999999998,0.651,3.1769999999999996,4.101000000000001
MAC000131,2012-03-14,2.576,0.933,1.717,3.681000000000003
MAC000131,2012-03-15,1.2929999999999997,0.6439999999999999,2.145,4.171000000000001
MAC000131,2012-03-16,1.4440000000000002,1.4620000000000002,3.5109999999999997,4.563000000000001
MAC000131,2012-03-17,1.636,1.043,3.386,1.6799999999999988
MAC000131,2012-03-18,5.937,2.875,3.667,8.312000000000006
MAC000131,2012-03-19,1.404,1.748,3.6860000000000004,4.628000000000002
MAC000131,2012-03-20,1.339,2.408,3.095,4.089
MAC000131,2012-03-21,2.3720000000000003,2.7939999999999996,3.3059999999999996,4.839
MAC000131,2012-03-22,1.3009999999999997,1.023,3.232,4.919
MAC000131,2012-03-23,1.327,0.73,2.5549999999999997,3.1260000000000012
MAC000131,2012-03-24,1.3249999999999997,0.8579999999999999,1.282,1.9609999999999994
MAC000131,2012-03-25,2.8539999999999996,1.301,1.51,2.380000000000001
MAC000131,2012-03-26,1.4,1.1569999999999998,3.48,3.326999999999997
MAC000131,2012-03-27,1.2500000000000004,1.2860000000000003,2.199,2.967999999999999
MAC000131,2012-03-28,1.456,1.016,2.7569999999999997,3.4650000000000016
MAC000131,2012-03-29,1.228,0.8390000000000001,1.783,3.6919999999999997
MAC000131,2012-03-30,1.4229999999999998,0.7469999999999999,2.742,3.469000000000002
MAC000131,2012-03-31,2.4170000000000003,1.0479999999999998,1.248,2.006999999999999
MAC000131,2012-04-01,2.626,3.4699999999999998,2.2239999999999998,2.2970000000000037
MAC000131,2012-04-02,1.44,0.9879999999999999,4.649000000000001,3.2870000000000026
MAC000131,2012-04-03,1.2729999999999997,1.8110000000000002,3.928,3.5920000000000014
MAC000131,2012-04-04,1.358,4.059,2.6649999999999996,3.6639999999999984
MAC000131,2012-04-05,1.6069999999999995,0.514,5.1579999999999995,3.4600000000000026
MAC000131,2012-04-06,3.3729999999999998,2.5460000000000003,5.223999999999999,3.6209999999999996
MAC000131,2012-04-07,4.9530001,5.168,1.845,1.921000000000001
MAC000131,2012-04-08,2.953,5.292,1.8400000000000003,1.7150000000000012
MAC000131,2012-04-09,3.348,5.090999999999999,4.977,3.563000000000004
MAC000131,2012-04-10,1.5609999999999997,3.5360001,5.777,3.078999999999998
MAC000131,2012-04-11,2.311,2.4849999999999994,4.571,3.2700000000000014
MAC000131,2012-04-12,1.831,2.8509999999999995,5.129,3.3430000000000017
MAC000131,2012-04-13,1.5699999999999998,0.8240000000000001,4.9559999999999995,3.293000000000001
MAC000131,2012-04-14,6.127,5.204000000000001,1.7869999999999995,1.9739999999999998
MAC000131,2012-04-15,2.819,4.162,2.0460000000000003,2.112
MAC000131,2012-04-16,1.5230000000000001,4.681,5.696000000000001,3.7529999999999974
MAC000131,2012-04-17,1.761,3.992,5.25,2.958000000000002
MAC000131,2012-04-18,1.6369999999999996,2.8770000000000002,4.686,3.147000000000004
MAC000131,2012-04-19,1.8429999999999997,4.084,4.557,2.9670000000000005
MAC000131,2012-04-20,1.4229999999999998,0.9470000000000001,5.021,2.344000000000003
MAC000131,2012-04-21,2.234999999999999,5.044,2.4999999999999996,2.112000000000003
MAC000131,2012-04-22,3.764,5.784,1.9150000000000003,2.1849999999999987
MAC000131,2012-04-23,1.8069999999999997,2.338,5.707,3.334999999999998
MAC000131,2012-04-24,1.92,3.3369999999999997,3.854,1.722999999999998
MAC000131,2012-04-25,1.627,5.769,2.942,2.7379999999999978
MAC000131,2012-04-26,2.582,3.465,4.053,2.971000000000001
MAC000131,2012-04-27,1.272,0.6749999999999998,4.592,2.3400000000000016
MAC000131,2012-04-28,1.902,0.8939999999999999,1.6049999999999998,1.9970000000000014
MAC000131,2012-04-29,3.981,2.249,2.056,1.9019999999999988
MAC000131,2012-04-30,1.398,3.0549999999999997,5.316,3.797999999999999
MAC000131,2012-05-01,1.5190000000000001,2.1399999999999997,5.0499998999999995,4.092000000000002
MAC000131,2012-05-02,1.536,3.1009999999999995,3.8579999999999997,3.0629999999999997
MAC000131,2012-05-03,2.9709999999999996,4.039000000000001,4.789,2.836999999999997
MAC000131,2012-05-04,1.579,0.6569999999999998,4.767,2.732
MAC000131,2012-05-05,2.1950000000000003,3.304,1.815,1.899000000000001
MAC000131,2012-05-06,1.9030000000000002,2.86,3.2140000000000004,1.9629999999999992
MAC000131,2012-05-07,4.43,5.357,4.9830000000000005,3.148000000000007
MAC000131,2012-05-08,1.599,0.7989999999999997,4.252,3.8980000000000024
MAC000131,2012-05-09,1.903,3.3350001,3.63,3.7129999999999965
MAC000131,2012-05-10,1.3590000000000002,3.6719999999999997,4.5009999999999994,4.2170000000000005
MAC000131,2012-05-11,1.457,1.1169999999999998,5.319000000000001,3.205
MAC000131,2012-05-12,2.713,3.01,1.32,1.7410000000000008
MAC000131,2012-05-13,1.609,4.322,2.6049999999999995,2.2040000000000024
MAC000131,2012-05-14,2.9060000000000006,4.1850000000000005,4.804,3.5989999999999984
MAC000131,2012-05-15,1.7100000000000002,5.4439999,2.1340000000000003,3.229000000000001
MAC000131,2012-05-16,2.207,2.1450000000000005,4.933,2.0749999999999984
MAC000131,2012-05-17,2.077,4.199999999999999,4.36,3.714000000000003
MAC000131,2012-05-18,1.5869999999999997,1.102,5.246,3.216999999999997
MAC000131,2012-05-19,1.343,3.101,1.687,1.798000000000002
MAC000131,2012-05-20,3.4709999999999996,5.122000000000001,1.056,2.121999999999998
MAC000131,2012-05-21,4.865,5.322,3.1289999999999996,3.9250000000000034
MAC000131,2012-05-22,1.331,0.9809999999999999,1.0999999999999999,3.9619999999999997
MAC000131,2012-05-23,1.4269999999999998,1.3929999999999998,1.2169999999999999,2.287
MAC000131,2012-05-24,1.3909999999999996,0.9419999999999998,1.8779999999999997,2.5960000000000005
MAC000131,2012-05-25,1.626,0.7269999999999998,2.7750000000000004,2.4099999999999993
MAC000131,2012-05-26,2.0469999999999997,2.0,1.1179999999999997,1.9489999999999987
MAC000131,2012-05-27,1.546,1.525,1.1669999999999996,2.2269999999999994
MAC000131,2012-05-28,1.5289999999999995,1.194,1.2239999999999998,2.3029999999999986
MAC000131,2012-05-29,1.493,1.265,1.3439999999999996,2.2899999999999983
MAC000131,2012-05-30,1.4409999999999998,0.9899999999999999,1.4359999999999997,2.206000000000002
MAC000131,2012-05-31,1.4200000000000002,2.108,1.385,2.1079999999999997
MAC000131,2012-06-01,1.4599999999999997,0.7669999999999999,1.392,2.155999999999998
MAC000131,2012-06-02,1.5759999999999998,1.04,0.9219999999999999,1.9210000000000018
MAC000131,2012-06-03,1.587,2.11,0.815,1.9690000000000012
MAC000131,2012-06-04,5.6199999,5.286999999999999,3.974,3.3199999999999967
MAC000131,2012-06-05,4.453,2.7780000000000005,5.042,2.9349999999999987
MAC000131,2012-06-06,1.3659999999999999,0.984,1.1809999999999998,2.2590000000000012
MAC000131,2012-06-07,1.5199999999999996,0.8130000000000001,4.1699999,3.6720000000000024
MAC000131,2012-06-08,2.229,0.6559999999999999,5.583,3.1149999999999984
MAC000131,2012-06-09,1.6139999999999999,0.8769999999999998,0.9369999999999998,1.8550000000000026
MAC000131,2012-06-10,1.6229999999999998,1.6639999999999997,2.033,1.9380000000000002
MAC000131,2012-06-11,3.6239999999999997,2.9379999999999997,4.082,3.5100000000000016
MAC000131,2012-06-12,1.534,3.695,4.254,3.714000000000002
MAC000131,2012-06-13,1.3840000000000001,3.15,3.618,3.2579999999999996
MAC000131,2012-06-14,1.3579999999999999,5.215,3.2439999999999998,3.5630000000000006
MAC000131,2012-06-15,1.4320000000000002,0.6599999999999999,4.499,2.505
MAC000131,2012-06-16,1.683,1.1799999999999997,0.875,1.904
MAC000131,2012-06-17,2.595,1.3629999999999998,0.8879999999999999,1.8949999999999996
MAC000131,2012-06-18,1.3780000000000003,1.0219999999999994,3.753,3.655000000000002
MAC000131,2012-06-19,1.3989999999999998,1.0519999999999998,2.7070000000000003,3.126000000000001
MAC000131,2012-06-20,1.4090000000000003,2.155,2.3659999999999997,3.139999999999999
MAC000131,2012-06-21,1.447,2.553,3.6080000000000005,4.088000000000002
MAC000131,2012-06-22,1.334,0.736,1.035,2.0949999999999998
MAC000131,2012-06-23,1.353,2.1919999999999997,1.1199999999999999,1.938999999999999
MAC000131,2012-06-24,2.5009999999999994,4.491,1.7510000000000001,1.6549999999999987
MAC000131,2012-06-25,1.385,1.0819999999999999,4.116,3.195000000000001
MAC000131,2012-06-26,1.436,1.2329999999999999,3.421,2.0070000000000037
MAC000131,2012-06-27,1.4130000000000003,1.143,1.545,2.087999999999999
MAC000131,2012-06-28,1.4139999999999997,1.189,0.9819999999999999,2.9200000000000013
MAC000131,2012-06-29,1.3619999999999997,0.861,1.2479999999999996,2.909
MAC000131,2012-06-30,2.655,1.3470000000000002,0.974,2.109000000000001
MAC000131,2012-07-01,1.8190000000000002,1.3619999999999999,0.9809999999999999,2.118999999999998
MAC000131,2012-07-02,1.355,1.1099999999999999,2.85,2.126000000000001
MAC000131,2012-07-03,1.324,1.2169999999999999,2.986,2.7519999999999967
MAC000131,2012-07-04,1.434,1.042,1.2890000000000001,2.1730000000000014
MAC000131,2012-07-05,1.2899999999999996,1.504,1.047,2.2410000000000014
MAC000131,2012-07-06,1.6779999999999997,0.8480000000000001,1.405,2.1640000000000006
MAC000131,2012-07-07,1.5679999999999998,1.5930000000000002,0.9559999999999998,1.8550000000000009
MAC000131,2012-07-08,2.529,1.3840000000000001,0.9139999999999998,2.089999999999999
MAC000131,2012-07-09,1.4609999999999999,1.308,1.5749999999999997,3.206000000000001
MAC000131,2012-07-10,1.2559999999999998,1.1569999999999998,1.107,3.7939999999999996
MAC000131,2012-07-11,1.2100000000000002,1.047,2.279,3.0440000000000014
MAC000131,2012-07-12,1.315,1.0789999999999997,1.3499999999999999,3.613000000000002
MAC000131,2012-07-13,1.296,0.7999999999999998,1.609,3.3680000000000003
MAC000131,2012-07-14,2.1849999999999996,2.086,1.794,1.9740000000000002
MAC000131,2012-07-15,1.907,1.4399999999999997,1.1559999999999997,1.8149999999999995
MAC000131,2012-07-16,1.3840000000000001,0.906,2.6770000000000005,2.384999999999998
MAC000131,2012-07-17,2.378999999999999,1.4129999999999998,2.1910000000000003,2.8590000000000004
MAC000131,2012-07-18,1.4879999999999998,1.1889999999999998,2.625,2.996000000000002
MAC000131,2012-07-19,1.3690000000000002,1.1669999999999998,2.8979999999999997,2.876999999999999
MAC000131,2012-07-20,1.2729999999999997,0.695,1.1669999999999996,2.230000000000002
MAC000131,2012-07-21,1.6149999999999995,1.038,0.965,1.7730000000000006
MAC000131,2012-07-22,1.5259999999999998,1.2039999999999997,1.149,1.9570000000000007
MAC000131,2012-07-23,1.344,1.046,1.3940000000000001,2.26
MAC000131,2012-07-24,1.4449999999999996,1.1199999999999999,1.303,2.143
MAC000131,2012-07-25,1.4789999999999999,1.8780000000000001,1.5350000000000001,2.2670000000000012
MAC000131,2012-07-26,1.5040000000000002,0.79,1.287,2.211999999999999
MAC000131,2012-07-27,1.52,0.831,1.558,2.2109999999999994
MAC000131,2012-07-28,3.281,1.2289999999999996,0.9899999999999999,2.069000000000001
MAC000131,2012-07-29,1.7819999999999998,1.4889999999999997,1.684,2.042
MAC000131,2012-07-30,1.468,1.1320000000000001,1.531,1.9099999999999986
MAC000131,2012-07-31,1.3019999999999996,1.3319999999999999,1.0109999999999997,1.925000000000002
MAC000131,2012-08-01,1.5819999999999999,1.105,1.3429999999999995,1.8559999999999999
MAC000131,2012-08-02,1.3319999999999999,0.6809999999999998,0.6759999999999997,1.806999999999999
MAC000131,2012-08-03,1.5659999999999998,0.7799999999999998,1.26,2.1560000000000006
MAC000131,2012-08-04,1.495,1.231,1.8949999999999998,1.9250000000000014
MAC000131,2012-08-05,1.7429999999999999,1.427,0.9820000000000001,1.8539999999999996
MAC000131,2012-08-06,1.4539999999999997,0.925,3.3129999999999997,2.624999999999999
MAC000131,2012-08-07,1.4119999999999995,0.9909999999999999,3.356,2.1580000000000013
MAC000131,2012-08-08,1.307,1.2329999999999999,1.209,2.068000000000002
MAC000131,2012-08-09,1.2729999999999997,1.021,1.3299999999999998,2.428
MAC000131,2012-08-10,1.9669999999999999,1.0829999999999997,1.654,2.1919999999999997
MAC000131,2012-08-11,3.159,1.691,1.007,2.463000000000001
MAC000131,2012-08-12,1.9739999999999998,1.5359999999999998,0.9909999999999999,1.9260000000000017
MAC000131,2012-08-13,1.4909999999999999,1.149,1.2839999999999998,2.2990000000000004
MAC000131,2012-08-14,1.357,1.3069999999999997,1.3729999999999998,2.1639999999999993
MAC000131,2012-08-15,1.3699999999999997,1.06,1.2889999999999997,2.1390000000000016
MAC000131,2012-08-16,1.3900000000000001,1.147,1.117,2.264999999999996
MAC000131,2012-08-17,1.4469999999999998,0.927,2.103,2.0500000000000003
MAC000131,2012-08-18,1.4349999999999998,2.016,0.9329999999999998,1.9449999999999994
MAC000131,2012-08-19,1.763,1.3009999999999997,1.158,2.034
MAC000131,2012-08-20,1.483,2.1799999999999997,1.337,2.552999999999999
MAC000131,2012-08-21,1.5679999999999998,0.952,1.3049999999999997,2.290000000000002
MAC000131,2012-08-22,1.443,1.115,1.48,2.248999999999999
MAC000131,2012-08-23,1.7869999999999997,1.103,1.3240000000000003,2.1910000000000003
MAC000131,2012-08-24,1.542,1.0379999999999998,2.03,2.1270000000000002
MAC000131,2012-08-25,1.4749999999999996,0.7010000000000001,0.879,1.6750000000000007
MAC000131,2012-08-26,1.1649999999999998,0.7,0.7050000000000001,1.6979999999999995
MAC000131,2012-08-27,1.18,1.083,3.6329999999999996,2.017000000000001
MAC000131,2012-08-28,1.376,1.0229999999999997,1.119,2.051
MAC000131,2012-08-29,1.4189999999999998,1.21,2.637,2.23
MAC000131,2012-08-30,1.303,1.1279999999999997,1.1799999999999997,1.7530000000000006
MAC000131,2012-08-31,1.246,0.7929999999999999,2.3419999999999996,3.7150000000000016
MAC000131,2012-09-01,2.4610000000000003,1.2289999999999999,0.8640000000000001,1.7570000000000003
MAC000131,2012-09-02,1.8269999999999993,1.686,1.217,1.693000000000001
MAC000131,2012-09-03,1.443,2.268,1.25,3.0359999999999987
MAC000131,2012-09-04,1.408,0.895,1.264,2.0010000000000003
MAC000131,2012-09-05,1.3850000000000002,1.1340000000000001,2.689,3.3119999999999976
MAC000131,2012-09-06,1.4379999999999997,0.9009999999999998,2.646,3.4079999999999995
MAC000131,2012-09-07,1.5919999999999996,0.7429999999999999,3.39,3.0849999999999977
MAC000131,2012-09-08,1.9919999999999998,1.4189999999999996,1.1099999999999997,2.059
MAC000131,2012-09-09,2.548,1.5079999999999998,0.8919999999999999,1.8320000000000003
MAC000131,2012-09-10,1.531,1.4829999999999999,1.6999999999999997,2.194000000000002
MAC000131,2012-09-11,1.439,1.29,1.063,2.047999999999999
MAC000131,2012-09-12,1.2810000000000001,1.9929999999999999,2.8329999999999997,3.2579999999999996
MAC000131,2012-09-13,1.306,2.249,2.598,3.108999999999999
MAC000131,2012-09-14,1.417,0.8099999999999998,3.3829999999999996,3.3769999999999993
MAC000131,2012-09-15,2.0020000000000002,2.229,1.047,1.9199999999999997
MAC000131,2012-09-16,2.004,1.328,1.1169999999999998,1.893000000000001
MAC000131,2012-09-17,1.3689999999999998,2.2049999999999996,2.1039999999999996,3.7450000000000006
MAC000131,2012-09-18,1.3929999999999998,1.354,2.8379999999999996,3.760000000000003
MAC000131,2012-09-19,1.3339999999999999,4.203,3.698,3.093999999999999
MAC000131,2012-09-20,1.2179999999999997,3.61,4.4110000000000005,2.9669999999999996
MAC000131,2012-09-21,1.5269999999999997,0.9219999999999997,2.8069999999999995,3.6270000000000024
MAC000131,2012-09-22,1.1939999999999997,4.601,2.4410000000000003,1.9889999999999968
MAC000131,2012-09-23,4.058,5.372,2.0919999999999996,2.0939999999999968
MAC000131,2012-09-24,1.3159999999999996,2.305,4.458,3.6029999999999998
MAC000131,2012-09-25,1.611,0.8899999999999999,3.095,3.8739999999999974
MAC000131,2012-09-26,1.1939999999999995,2.9939999999999998,4.716000000000001,3.9849999999999994
MAC000131,2012-09-27,1.9020000000000001,2.387,5.495,3.7499999999999973
MAC000131,2012-09-28,2.6089999999999995,2.219,5.149000000000001,3.699
MAC000131,2012-09-29,1.1999999999999995,2.5399999999999996,2.231,1.6939999999999977
MAC000131,2012-09-30,3.417,5.1499999999999995,2.2739999999999996,1.8610000000000064
MAC000131,2012-10-01,3.493,0.8319999999999999,4.095,3.5939999999999976
MAC000131,2012-10-02,1.1949999999999998,3.4989999999999997,2.519,3.381999999999997
MAC000131,2012-10-03,1.5689999999999995,3.7609999999999997,5.978000000000001,3.9899999999999993
MAC000131,2012-10-04,1.5540000000000003,0.7640000000000002,4.221,3.7559999999999993
MAC000131,2012-10-05,1.5589999999999997,0.5949999999999996,5.9680001,3.8290000000000015
MAC000131,2012-10-06,4.8919999999999995,3.7489999999999997,2.151,1.6969999999999983
MAC000131,2012-10-07,1.8669999999999995,5.767,2.397,1.7499999999999978
MAC000131,2012-10-08,2.2849999999999997,1.386,3.843,3.410999999999995
MAC000131,2012-10-09,1.4669999999999996,3.3069999999999995,2.701,3.335000000000004
MAC000131,2012-10-10,1.3569999999999998,2.4539999999999997,2.725,3.2240000000000024
MAC000131,2012-10-11,1.2260000000000002,4.584,2.0909999999999997,2.383999999999998
MAC000131,2012-10-12,1.3099999999999998,0.9799999999999999,4.2299999999999995,3.562999999999999
MAC000131,2012-10-13,1.6489999999999998,1.382,1.0049999999999997,2.0969999999999986
MAC000131,2012-10-14,1.3939999999999997,2.3409999999999997,1.1169999999999998,2.035000000000003
MAC000131,2012-10-15,1.459,2.887,1.9189999999999998,3.767999999999998
MAC000131,2012-10-16,1.3599999999999999,2.573,0.7150000000000001,2.045
MAC000131,2012-10-17,1.3639999999999999,3.017,4.974,3.120000000000001
MAC000131,2012-10-18,1.467,0.9840000000000001,4.079,3.4849999999999985
MAC000131,2012-10-19,1.3829999999999996,0.685,3.1409999999999996,2.292000000000002
MAC000131,2012-10-20,1.295,3.0200000000000005,0.9499999999999997,1.8479999999999994
MAC000131,2012-10-21,1.3639999999999999,3.77,1.045,1.9960000000000027
MAC000131,2012-10-22,1.437,3.926,2.439,3.3740000000000006
MAC000131,2012-10-23,1.8660000000000003,1.9869999999999997,1.8830000000000002,3.4090000000000016
MAC000131,2012-10-24,1.589,1.507,1.503,2.3070000000000004
MAC000131,2012-10-25,1.2949999999999997,1.8039999999999998,2.2479999999999998,3.9759999999999986
MAC000131,2012-10-26,1.3219999999999998,0.8949999999999998,5.181,3.9430000000000023
MAC000131,2012-10-27,2.058,1.409,1.694,1.669999999999999
MAC000131,2012-10-28,1.144,2.6529999999999996,2.6289999999999996,1.3090000000000002
MAC000131,2012-10-29,0.9739999999999996,2.126,2.455,5.214
MAC000131,2012-10-30,1.289,2.254,4.932,3.621000000000004
MAC000131,2012-10-31,1.3259999999999998,1.7799999999999998,2.916,4.213000000000001
MAC000131,2012-11-01,1.1819999999999997,5.571,4.64,4.331999999999996
MAC000131,2012-11-02,1.5909999999999997,0.5189999999999999,3.583,4.439
MAC000131,2012-11-03,2.7999999999999994,4.823,2.576,1.620999999999999
MAC000131,2012-11-04,2.3489999999999998,5.159,3.109,2.108000000000003
MAC000131,2012-11-05,0.972,1.968,5.308,4.566000000000001
MAC000131,2012-11-06,1.3759999999999997,1.859,3.065,3.8319999999999985
MAC000131,2012-11-07,1.2929999999999997,1.464,4.84,4.818999999999999
MAC000131,2012-11-08,1.3460000000000003,1.143,3.168,3.1629999999999985
MAC000131,2012-11-09,1.2949999999999997,0.642,3.831,4.968
MAC000131,2012-11-10,1.438,3.012,2.3600000000000003,1.669999999999999
MAC000131,2012-11-11,1.4109999999999996,4.939,2.2960000000000003,1.7410000000000023
MAC000131,2012-11-12,1.516,2.9109999999999996,4.005,4.865999999999999
MAC000131,2012-11-13,1.4349999999999998,2.461,3.015,4.02
MAC000131,2012-11-14,2.503,1.437,2.718,4.2860000000000005
MAC000131,2012-11-15,1.173,1.5669999999999997,4.842999999999999,3.849000000000001
MAC000131,2012-11-16,1.5199999999999998,0.6720000000000002,4.259,3.5329999999999995
MAC000131,2012-11-17,1.2249999999999999,3.0429999999999993,3.6029999999999998,1.7520000000000024
MAC000131,2012-11-18,1.7699999999999996,3.085,3.0460000000000003,2.115000000000002
MAC000131,2012-11-19,1.5019999999999998,1.439,3.148,4.9289999999999985
MAC000131,2012-11-20,1.2809999999999997,2.8369999999999997,2.729,4.516999999999999
MAC000131,2012-11-21,1.4419999999999997,2.489,4.757,4.317000000000002
MAC000131,2012-11-22,2.436,2.735,3.292,4.836000000000002
MAC000131,2012-11-23,1.3330000000000002,0.506,3.956,4.092999999999998
MAC000131,2012-11-24,1.645,2.8589999999999995,2.2729999999999997,1.2540000000000018
MAC000131,2012-11-25,1.1980000000000002,3.3739999999999997,3.384,1.874
MAC000131,2012-11-26,1.466,1.8970000000000002,5.194,5.086999999999999
MAC000131,2012-11-27,2.0640000000000005,3.287,2.673,4.953
MAC000131,2012-11-28,1.2619999999999996,2.397,4.942,5.258999999999999
MAC000131,2012-11-29,1.1770000000000005,1.6139999999999997,3.153,3.2199999999999993
MAC000131,2012-11-30,1.2789999999999997,0.35999999999999993,3.818,3.8499999999999983
MAC000131,2012-12-01,2.399,4.808999999999999,2.59,1.719999999999997
MAC000131,2012-12-02,5.414,5.605,3.3680000000000003,1.4690000000000012
MAC000131,2012-12-03,1.3780000000000003,2.408,5.103,4.688000000000002
MAC000131,2012-12-04,2.977,1.9999999999999998,2.521,4.194000000000002
MAC000131,2012-12-05,2.6900000000000004,3.1069999999999998,5.114,3.9860000000000015
MAC000131,2012-12-06,1.4269999999999998,2.73,6.288,5.436
MAC000131,2012-12-07,1.299,0.6359999999999999,4.251,3.8100000000000014
MAC000131,2012-12-08,1.6349999999999998,2.6350000000000002,1.2449999999999999,1.7170000000000012
MAC000131,2012-12-09,1.5359999999999998,5.053,2.9040000000000004,2.174999999999996
MAC000131,2012-12-10,1.343,1.12,4.914999999999999,4.408000000000001
MAC000131,2012-12-11,1.629,1.5430000000000001,0.637,3.342
MAC000131,2012-12-12,1.6269999999999998,0.839,3.7560000000000002,3.8649999999999967
MAC000131,2012-12-13,2.4350000000000005,1.6529999999999998,4.915,4.253999999999997
MAC000131,2012-12-14,1.43,0.738,4.502,4.631000000000003
MAC000131,2012-12-15,1.593,1.513,3.129,1.9389999999999996
MAC000131,2012-12-16,2.4539999999999997,3.747,3.3689999999999998,2.312000000000001
MAC000131,2012-12-17,1.4919999999999998,2.194,3.236,4.8679999999999986
MAC000131,2012-12-18,1.8419999999999996,0.9879999999999998,2.762,5.399999999999999
MAC000131,2012-12-19,1.4709999999999999,1.2709999999999997,2.701,5.359000000000002
MAC000131,2012-12-20,1.5300000000000002,0.9259999999999998,4.123,4.1389999999999985
MAC000131,2012-12-21,2.641,0.7369999999999999,4.287000000000001,4.510999999999999
MAC000131,2012-12-22,1.486,1.248,1.179,1.905999999999999
MAC000131,2012-12-23,1.461,2.5190000000000006,1.446,2.2379999999999995
MAC000131,2012-12-24,1.5150000000000001,1.411,1.776,3.016
MAC000131,2012-12-25,1.9669999999999999,1.915,2.678,5.207999999999998
MAC000131,2012-12-26,2.5600000000000005,1.6149999999999998,3.701,3.851999999999999
MAC000131,2012-12-27,1.539,2.111,3.4179999999999997,4.4460000000000015
MAC000131,2012-12-28,1.4599999999999997,0.9069999999999998,4.427,6.278000000000002
MAC000131,2012-12-29,1.8259999999999998,1.567,2.3439999999999994,2.0210000000000017
MAC000131,2012-12-30,1.783,2.195,2.893,2.037
MAC000131,2012-12-31,1.5379999999999998,3.7030000000000003,2.447,2.043999999999997
MAC000131,2013-01-01,1.5790000000000002,4.584999999999999,4.547000000000001,4.514999999999999
MAC000131,2013-01-02,1.361,2.5749999999999997,3.255,4.7970000000000015
MAC000131,2013-01-03,1.4109999999999998,1.1959999999999997,3.1710000000000003,5.224000000000001
MAC000131,2013-01-04,1.524,0.665,4.446,4.811000000000002
MAC000131,2013-01-05,2.758,1.561,1.1759999999999997,2.106999999999999
MAC000131,2013-01-06,1.8199999999999998,1.8629999999999998,2.355,2.1040000000000014
MAC000131,2013-01-07,1.5659999999999998,2.2780000000000005,2.734,5.349999999999998
MAC000131,2013-01-08,1.374,1.1070000000000002,1.793,4.1899999999999995
MAC000131,2013-01-09,1.8139999999999998,1.277,4.257000000000001,5.720999999999999
MAC000131,2013-01-10,1.971,4.340999999999999,2.625,5.346999999999998
MAC000131,2013-01-11,1.7470000000000003,1.0719999999999998,3.2230000000000003,5.301999999999998
MAC000131,2013-01-12,1.9189999999999996,2.491,2.0119999999999996,2.6289999999999987
MAC000131,2013-01-13,1.8069999999999997,1.405,2.632,2.7299999999999964
MAC000131,2013-01-14,1.9249999999999998,3.2,5.3549999999999995,5.282999999999999
MAC000131,2013-01-15,2.5480000000000005,2.794,5.1690000000000005,4.332999999999997
MAC000131,2013-01-16,2.029,3.447,5.122,5.6739999999999995
MAC000131,2013-01-17,3.8689999999999998,5.193,3.9939999999999998,5.000000000000002
MAC000131,2013-01-18,2.057,0.7909999999999999,4.656,5.010000000000004
MAC000131,2013-01-19,2.3599999999999994,4.665,3.7259999999999995,2.585000000000005
MAC000131,2013-01-20,2.848,5.504,2.7840000000000003,2.7680000000000047
MAC000131,2013-01-21,2.0029999999999997,2.1149999999999993,5.449,5.481000000000003
MAC000131,2013-01-22,1.9740000000000002,1.411,2.694,5.278
MAC000131,2013-01-23,1.962,2.238,4.6739999999999995,5.143000000000001
MAC000131,2013-01-24,1.9660000000000002,1.0529999999999997,4.737,5.750999999999998
MAC000131,2013-01-25,1.961,1.029,5.0249999999999995,4.9330000000000025
MAC000131,2013-01-26,3.6779998999999997,5.994999999999999,3.0389999999999997,2.6370000000000005
MAC000131,2013-01-27,4.2059999999999995,3.683,3.357,2.559
MAC000131,2013-01-28,1.7459999999999998,2.564,5.257000000000001,5.5399999999999965
MAC000131,2013-01-29,1.9709999999999999,2.492,4.8309999999999995,3.9750000000000014
MAC000131,2013-01-30,1.7779999999999998,1.6619999999999997,4.834,4.856000000000002
MAC000131,2013-01-31,2.331,3.284,2.9319999999999995,5.090000000000006
MAC000131,2013-02-01,1.9019999999999997,1.965,1.913,3.7040000000000006
MAC000131,2013-02-02,4.508,5.438000000000001,2.41,2.8749999999999982
MAC000131,2013-02-03,2.2910000000000004,4.938,2.1390000000000002,2.7109999999999985
MAC000131,2013-02-04,1.932,3.414,5.219,5.137999999999999
MAC000131,2013-02-05,1.6300000000000003,3.338,5.076,5.188
MAC000131,2013-02-06,1.9480000000000002,2.9,4.259,5.516
MAC000131,2013-02-07,2.044,3.1510000000000002,4.964,5.4999999999999964
MAC000131,2013-02-08,1.9209999999999996,0.911,5.8929999,6.409999999999999
MAC000131,2013-02-09,2.0519999999999996,3.5519999999999996,3.2859999999999996,2.533000000000003
MAC000131,2013-02-10,2.492,6.173,2.219,2.393000000000004
MAC000131,2013-02-11,1.936,2.384,5.202999999999999,5.504999999999999
MAC000131,2013-02-12,2.1529999999999996,3.349,4.776999999999999,5.715000000000002
MAC000131,2013-02-13,2.059,3.627,4.9110000000000005,4.999000000000003
MAC000131,2013-02-14,4.7829999999999995,4.461,4.525,4.613999999999999
MAC000131,2013-02-15,1.3359999999999999,0.808,4.409,3.972999999999998
MAC000131,2013-02-16,1.9220000000000002,2.093,3.081,1.694999999999998
MAC000131,2013-02-17,2.8519999999999994,5.349,2.8939999999999997,1.972
MAC000131,2013-02-18,1.5299999999999998,2.558,5.298,4.527999999999999
MAC000131,2013-02-19,1.635,0.986,4.984999999999999,4.395999999999997
MAC000131,2013-02-20,1.9759999999999998,3.0519999999999996,2.724,5.139000000000001
MAC000131,2013-02-21,1.619,3.2270000000000003,6.833,5.3029999999999955
MAC000131,2013-02-22,3.587,1.0819999999999999,5.535,4.6129999999999995
MAC000131,2013-02-23,1.961,4.670999999999999,3.173,1.8889999999999976
MAC000131,2013-02-24,2.005,5.385,3.5939999999999994,1.6960000000000015
MAC000131,2013-02-25,1.595,3.9689999,3.99,4.786999999999997
MAC000131,2013-02-26,1.8040000000000003,0.9119999999999999,5.186,4.661000000000001
MAC000131,2013-02-27,1.576,2.6999999999999997,5.029,5.359999999999998
MAC000131,2013-02-28,4.24,4.188000000000001,5.097,5.162999999999998
MAC000131,2013-03-01,1.4929999999999999,0.785,4.6240001,4.379
MAC000131,2013-03-02,1.5260000000000002,3.2929999999999997,3.4730000000000003,1.8750000000000004
MAC000131,2013-03-03,2.18,5.2139999999999995,3.0949999999999998,2.682000000000002
MAC000131,2013-03-04,1.6849999999999998,2.032,5.940999999999999,5.219000000000001
MAC000131,2013-03-05,1.3940000000000001,2.6049999999999995,5.266,4.724000000000002
MAC000131,2013-03-06,1.821,3.09,4.385999999999999,4.811999999999999
MAC000131,2013-03-07,2.597,2.242,1.9229999999999998,3.6209999999999996
MAC000131,2013-03-08,2.7359999999999998,0.849,4.277,4.651999999999998
MAC000131,2013-03-09,1.4569999999999999,4.303999999999999,1.0919999999999999,1.6960000000000004
MAC000131,2013-03-10,2.352,5.265999999999999,3.111999999999999,2.134000000000002
MAC000131,2013-03-11,1.7269999999999999,2.6510000000000002,6.043999900000001,4.658999999999994
MAC000131,2013-03-12,1.414,1.034,5.606999999999999,4.272
MAC000131,2013-03-13,1.4760000000000002,3.1560000000000006,4.3530001,4.1969999999999965
MAC000131,2013-03-14,1.3760000000000001,2.689,4.535,4.073
MAC000131,2013-03-15,1.6349999999999998,1.7119999999999997,4.2139999999999995,4.2310000000000025
MAC000131,2013-03-16,2.8169999999999997,3.0580000000000003,1.9369999999999996,2.230000000000002
MAC000131,2013-03-17,1.957,3.518,2.339,1.8939999999999952
MAC000131,2013-03-18,1.717,1.5149999999999997,4.491,4.704000000000001
MAC000131,2013-03-19,1.3389999999999997,2.042,2.784,3.8530000000000006
MAC000131,2013-03-20,1.2859999999999998,3.064,4.186999999999999,5.3160000000000025
MAC000131,2013-03-21,1.5609999999999997,1.6759999999999997,4.41,4.091999999999997
MAC000131,2013-03-22,2.717,0.7260000000000001,5.3759999999999994,4.721000000000002
MAC000131,2013-03-23,3.046,2.42,2.6229999999999998,1.7260000000000004
MAC000131,2013-03-24,3.777,5.075,3.1260000000000003,2.1190000000000033
MAC000131,2013-03-25,1.2719999999999998,2.717,3.745,5.749999999999999
MAC000131,2013-03-26,1.2739999999999998,0.8019999999999999,4.122,3.3759999999999994
MAC000131,2013-03-27,1.548,2.2479999999999998,5.0329999999999995,4.540000000000001
MAC000131,2013-03-28,1.2689999999999997,2.146,5.197,4.435999999999999
MAC000131,2013-03-29,1.727,3.7849999,4.938000000000001,5.613999999999999
MAC000131,2013-03-30,3.4869999999999997,2.448,2.803,1.817999999999997
MAC000131,2013-03-31,3.549,5.329,1.6409999999999998,2.250999999999995
MAC000131,2013-04-01,5.034,4.923000000000001,6.106000000000001,3.904000000000001
MAC000131,2013-04-02,1.4879999999999995,1.54,4.946000000000001,3.459999999999998
MAC000131,2013-04-03,1.7489999999999999,1.611,6.075000000000001,5.151999999999999
MAC000131,2013-04-04,1.6729999999999998,3.85,4.591,4.7
MAC000131,2013-04-05,1.798,0.9609999999999997,5.538,3.2430000000000003
MAC000131,2013-04-06,2.6870000000000003,1.2939999999999998,1.16,2.255
MAC000131,2013-04-07,2.202,4.4239999999999995,1.92,2.133000000000001
MAC000131,2013-04-08,1.294,3.027,3.877,3.8590000000000018
MAC000131,2013-04-09,1.47,3.325,4.510999999999999,3.038000000000001
MAC000131,2013-04-10,1.6300000000000001,3.7929999999999993,5.216,3.419999999999999
MAC000131,2013-04-11,1.5029999999999997,1.883,5.229,2.247
MAC000131,2013-04-12,1.5379999999999998,0.8700000000000001,5.126,3.1980000000000013
MAC000131,2013-04-13,3.129,2.253,1.993,1.9950000000000012
MAC000131,2013-04-14,2.066,1.2889999999999997,1.023,2.192000000000001
MAC000131,2013-04-15,1.5329999999999997,1.5729999999999997,2.166,2.559999999999999
MAC000131,2013-04-16,1.81,2.1229999999999998,2.1210000000000004,2.908999999999999
MAC000131,2013-04-17,2.4869999999999997,1.234,3.2790000000000004,3.2580000000000005
MAC000131,2013-04-18,1.55,1.0759999999999998,1.8550000000000002,4.008999999999999
MAC000131,2013-04-19,1.44,0.8280000000000001,3.1099999999999994,3.931000000000002
MAC000131,2013-04-20,1.788,1.346,1.067,1.9480000000000015
MAC000131,2013-04-21,3.247,3.354,2.028,2.1470000000000016
MAC000131,2013-04-22,1.647,3.484,2.997,3.8629999999999995
MAC000131,2013-04-23,2.5160000000000005,1.596,1.5589999999999995,2.275999999999998
MAC000131,2013-04-24,1.5910000000000002,1.5459999999999998,2.2939999999999996,2.610999999999998
MAC000131,2013-04-25,1.581,1.3399999999999999,1.697,2.312999999999998
MAC000131,2013-04-26,1.592,1.106,3.9299999999999997,2.805999999999999
MAC000131,2013-04-27,2.1149999999999998,1.451,1.2319999999999998,2.0080000000000027
MAC000131,2013-04-28,1.8189999999999995,1.8310000000000002,1.0239999999999998,2.032
MAC000131,2013-04-29,1.6260000000000001,1.389,1.7299999999999998,4.073999999999999
MAC000131,2013-04-30,1.46,1.2379999999999998,2.0089999999999995,3.4080000000000013
MAC000131,2013-05-01,1.5429999999999995,1.0559999999999998,4.215999999999999,2.2810000000000032
MAC000131,2013-05-02,1.5899999999999996,0.8239999999999998,2.484,2.324
MAC000131,2013-05-03,1.6359999999999997,0.877,2.5749999999999997,2.438000000000001
MAC000131,2013-05-04,1.9069999999999998,2.71,1.1059999999999999,2.155999999999999
MAC000131,2013-05-05,2.025,1.5500000000000003,1.1199999999999999,2.0269999999999992
MAC000131,2013-05-06,1.922,1.6520000000000001,1.9089999999999998,2.183
MAC000131,2013-05-07,1.4789999999999999,1.176,1.0709999999999997,2.507999999999999
MAC000131,2013-05-08,1.4669999999999996,1.05,1.165,2.3739999999999997
MAC000131,2013-05-09,2.924,0.9549999999999998,2.981,2.932999999999998
MAC000131,2013-05-10,1.512,0.631,2.229,3.3609999999999998
MAC000131,2013-05-11,1.605,1.417,0.9039999999999998,2.021000000000001
MAC000131,2013-05-12,2.138,1.948,2.0589999999999997,1.9350000000000005
MAC000131,2013-05-13,1.8809999999999998,4.052,1.716,3.0210000000000017
MAC000131,2013-05-14,1.3909999999999996,1.342,2.727,3.286
MAC000131,2013-05-15,1.6149999999999995,4.596,5.198,2.8539999999999974
MAC000131,2013-05-16,1.4779999999999995,0.737,4.589,2.474999999999998
MAC000131,2013-05-17,1.2610000000000001,1.138,4.138,3.325999999999997
MAC000131,2013-05-18,4.181,2.591,1.0819999999999996,1.6130000000000007
MAC000131,2013-05-19,2.413,4.457,1.4569999999999996,1.5169999999999997
MAC000131,2013-05-20,1.4020000000000001,0.942,4.022,2.3030000000000017
MAC000131,2013-05-21,1.54,1.304,1.2989999999999997,2.286999999999999
MAC000131,2013-05-22,1.3940000000000001,2.566,3.335,2.3419999999999987
MAC000131,2013-05-23,1.3719999999999999,4.8230001,4.037000000000001,3.1900000000000013
MAC000131,2013-05-24,3.3539999999999996,0.538,4.421,3.686000000000001
MAC000131,2013-05-25,1.5939999999999999,0.9509999999999998,1.4919999999999998,1.450999999999999
MAC000131,2013-05-26,2.779,1.9969999999999997,1.4279999999999997,2.216
MAC000131,2013-05-27,2.9059999999999997,1.9259999999999995,3.7299999999999995,3.134999999999998
MAC000131,2013-05-28,1.467,1.975,5.008,2.1870000000000003
MAC000131,2013-05-29,1.553,1.093,4.967999999999999,2.5430000000000037
MAC000131,2013-05-30,1.453,3.52,2.776,1.9710000000000036
MAC000131,2013-05-31,1.5449999999999997,0.7000000000000001,1.74,3.144
MAC000131,2013-06-01,1.57,2.387,1.0639999999999998,1.804000000000001
MAC000131,2013-06-02,1.8479999999999999,1.7469999999999999,1.622,1.7669999999999966
MAC000131,2013-06-03,1.787,1.3869999999999998,1.569,2.2540000000000013
MAC000131,2013-06-04,1.403,1.018,1.843,3.1179999999999994
MAC000131,2013-06-05,1.5339999999999998,1.291,1.1059999999999999,2.2020000000000004
MAC000131,2013-06-06,1.425,0.7389999999999999,1.7519999999999998,2.1279999999999992
MAC000131,2013-06-07,1.449,0.9349999999999998,0.875,2.409
MAC000131,2013-06-08,1.5419999999999996,2.2789999999999995,1.0079999999999998,2.1159999999999997
MAC000131,2013-06-09,1.7819999999999998,1.5309999999999997,0.9319999999999999,1.9149999999999978
MAC000131,2013-06-10,1.368,1.169,3.7319999999999998,2.6550000000000007
MAC000131,2013-06-11,1.4919999999999998,1.4289999999999998,1.2580000000000002,3.0650000000000004
MAC000131,2013-06-12,1.4369999999999996,2.63,1.568,2.0399999999999987
MAC000131,2013-06-13,1.511,2.5049999999999994,1.33,4.019
MAC000131,2013-06-14,1.384,0.8049999999999997,3.171,3.033000000000001
MAC000131,2013-06-15,1.295,4.671,1.7269999999999999,1.9329999999999976
MAC000131,2013-06-16,1.7039999999999997,1.4159999999999997,1.008,2.184
MAC000131,2013-06-17,1.458,0.9899999999999998,1.822,3.562999999999998
MAC000131,2013-06-18,1.6490000000000002,1.19,3.1119999999999997,2.2950000000000004
MAC000131,2013-06-19,1.4480000000000002,1.2659999999999998,1.2619999999999998,2.3040000000000003
MAC000131,2013-06-20,1.566,1.4209999999999998,1.252,2.6129999999999995
MAC000131,2013-06-21,1.2599999999999998,0.629,1.042,2.580000000000002
MAC000131,2013-06-22,1.9770000000000003,1.0239999999999998,0.7729999999999999,1.3819999999999986
MAC000131,2013-06-23,1.756,2.051,1.4459999999999997,1.8420000000000005
MAC000131,2013-06-24,1.3589999999999998,2.453,3.2689999999999997,3.5130000000000003
MAC000131,2013-06-25,1.354,1.3530000000000002,1.2319999999999998,1.9579999999999993
MAC000131,2013-06-26,1.2949999999999997,0.988,1.34,2.1660000000000004
MAC000131,2013-06-27,1.3800000000000001,1.2379999999999998,1.895,3.5019999999999993
MAC000131,2013-06-28,1.6039999999999996,0.533,4.207000000000001,2.062999999999998
MAC000131,2013-06-29,1.5049999999999997,1.661,0.8329999999999999,2.094999999999998
MAC000131,2013-06-30,3.305,1.0639999999999998,1.0879999999999999,2.1359999999999983
MAC000131,2013-07-01,1.424,1.041,1.954,3.469000000000002
MAC000131,2013-07-02,1.432,0.901,1.7229999999999999,2.3480000000000016
MAC000131,2013-07-03,1.327,1.2989999999999997,1.6029999999999995,1.9400000000000006
MAC000131,2013-07-04,1.5419999999999998,0.696,1.3689999999999998,2.4219999999999997
MAC000131,2013-07-05,1.539,0.9629999999999999,1.5260000000000002,2.1140000000000003
MAC000131,2013-07-06,2.942,1.3979999999999997,1.0179999999999998,2.005000000000001
MAC000131,2013-07-07,2.1079999999999997,1.7659999999999998,1.114,2.119999999999999
MAC000131,2013-07-08,1.5670000000000004,1.281,1.5669999999999997,2.4130000000000016
MAC000131,2013-07-09,1.79,1.061,2.2369999999999997,2.5049999999999986
MAC000131,2013-07-10,1.6829999999999996,1.0939999999999996,1.4339999999999997,2.1910000000000003
MAC000131,2013-07-11,1.5359999999999998,1.149,1.45,2.192
MAC000131,2013-07-12,1.611,0.5079999999999999,1.5029999999999997,1.9240000000000008
MAC000131,2013-07-13,1.6420000000000001,1.5479999999999998,1.0070000000000001,1.9809999999999994
MAC000131,2013-07-14,2.985,1.67,0.8909999999999998,2.394
MAC000131,2013-07-15,1.6500000000000001,1.5399999999999996,1.53,2.581999999999998
MAC000131,2013-07-16,1.4969999999999999,1.382,1.5910000000000002,2.3859999999999983
MAC000131,2013-07-17,2.0109999999999992,1.2519999999999998,1.3529999999999995,2.519000000000001
MAC000131,2013-07-18,1.5479999999999998,2.15,1.7459999999999998,2.2970000000000015
MAC000131,2013-07-19,1.706,0.77,1.7199999999999998,2.915
MAC000131,2013-07-20,2.5700000000000003,1.4969999999999999,0.97,2.0809999999999986
MAC000131,2013-07-21,2.1559999999999997,1.8639999999999999,1.0259999999999998,2.128
MAC000131,2013-07-22,1.6149999999999998,1.335,1.3319999999999999,2.5229999999999997
MAC000131,2013-07-23,1.842,1.1989999999999998,1.4389999999999998,2.3339999999999996
MAC000131,2013-07-24,1.7269999999999999,1.4420000000000002,1.2519999999999998,2.665000000000002
MAC000131,2013-07-25,1.4090000000000003,2.2319999999999998,1.5379999999999998,2.0429999999999993
MAC000131,2013-07-26,1.594,1.15,1.2479999999999996,2.357000000000001
MAC000131,2013-07-27,1.7769999999999997,1.54,1.0259999999999998,2.3740000000000014
MAC000131,2013-07-28,1.9650000000000003,1.64,1.028,2.4899999999999998
MAC000131,2013-07-29,1.553,1.7799999999999998,1.73,2.1399999999999997
MAC000131,2013-07-30,1.5639999999999998,1.103,1.3179999999999998,2.3810000000000002
MAC000131,2013-07-31,1.609,1.8889999999999998,1.7719999999999998,2.069
MAC000131,2013-08-01,1.4879999999999995,1.1360000000000001,0.6799999999999999,2.3679999999999994
MAC000131,2013-08-02,1.5019999999999998,1.2539999999999998,1.356,2.3679999999999994
MAC000131,2013-08-03,1.8699999999999997,1.1649999999999998,1.395,1.8249999999999997
MAC000131,2013-08-04,2.456,1.5699999999999996,0.9179999999999999,2.287000000000001
MAC000131,2013-08-05,1.519,1.5149999999999997,1.065,2.4580000000000015
MAC000131,2013-08-06,1.4369999999999998,1.019,1.6549999999999998,2.159000000000002
MAC000131,2013-08-07,1.563,0.8199999999999998,1.79,2.1180000000000017
MAC000131,2013-08-08,1.605,1.0510000000000002,1.7269999999999994,2.092000000000003
MAC000131,2013-08-09,1.6829999999999996,1.0999999999999999,1.491,2.3720000000000003
MAC000131,2013-08-10,1.7020000000000002,1.6529999999999998,1.693,2.0960000000000014
MAC000131,2013-08-11,2.1109999999999998,1.5329999999999997,1.176,1.7740000000000011
MAC000131,2013-08-12,1.5350000000000001,1.3540000000000003,1.3769999999999998,2.2940000000000005
MAC000131,2013-08-13,1.6939999999999997,0.821,1.3600000000000003,2.2429999999999986
MAC000131,2013-08-14,1.5010000000000001,1.246,1.2159999999999997,2.1979999999999986
MAC000131,2013-08-15,1.391,1.4380000000000002,1.213,2.6089999999999995
MAC000131,2013-08-16,1.6260000000000001,1.1280000000000001,1.2739999999999996,2.416
MAC000131,2013-08-17,1.349,2.23,0.973,1.9870000000000023
MAC000131,2013-08-18,2.199,1.6259999999999997,0.9309999999999997,2.2670000000000017
MAC000131,2013-08-19,1.6860000000000004,1.023,1.4069999999999998,2.2779999999999987
MAC000131,2013-08-20,1.7079999999999997,1.2149999999999999,1.4789999999999996,2.013999999999999
MAC000131,2013-08-21,1.7329999999999999,1.0519999999999998,1.8059999999999998,1.962
MAC000131,2013-08-22,1.564,0.9880000000000001,1.414,2.1950000000000003
MAC000131,2013-08-23,1.6,0.8519999999999999,1.636,2.2300000000000004
MAC000131,2013-08-24,2.7199999999999998,1.6109999999999998,0.9609999999999997,2.237999999999999
MAC000131,2013-08-25,1.6179999999999999,1.8039999999999996,0.974,1.9409999999999983
MAC000131,2013-08-26,1.935,1.1189999999999998,1.6099999999999999,2.0940000000000025
MAC000131,2013-08-27,1.6369999999999998,1.1929999999999998,1.416,2.4260000000000006
MAC000131,2013-08-28,1.7869999999999997,0.9309999999999999,1.6419999999999997,1.9780000000000013
MAC000131,2013-08-29,1.5759999999999998,1.122,1.439,2.4579999999999984
MAC000131,2013-08-30,1.661,0.714,1.7999999999999998,2.209999999999998
MAC000131,2013-08-31,2.74,0.8799999999999999,1.166,1.9050000000000016
MAC000131,2013-09-01,2.17,1.815,0.7170000000000001,2.4090000000000016
MAC000131,2013-09-02,1.6099999999999997,1.382,1.2479999999999998,2.259
MAC000131,2013-09-03,1.6720000000000002,1.3599999999999999,1.0059999999999998,2.423
MAC000131,2013-09-04,1.7670000000000001,0.732,1.9510000000000003,2.5159999999999973
MAC000131,2013-09-05,1.618,1.185,1.125,2.4869999999999997
MAC000131,2013-09-06,1.558,1.025,2.1279999999999997,2.4219999999999993
MAC000131,2013-09-07,1.5939999999999999,1.7509999999999997,0.704,2.195000000000001
MAC000131,2013-09-08,1.784,1.4149999999999998,1.0790000000000002,1.6329999999999996
MAC000131,2013-09-09,1.302,1.178,3.019,2.4769999999999976
MAC000131,2013-09-10,1.3749999999999998,1.242,1.6969999999999998,2.7249999999999988
MAC000131,2013-09-11,1.392,1.063,1.656,1.603999999999999
MAC000131,2013-09-12,1.5189999999999997,0.894,1.306,2.3210000000000006
MAC000131,2013-09-13,1.2829999999999997,0.988,3.3699999999999997,2.381
MAC000131,2013-09-14,2.198,1.4989999999999999,0.827,1.9959999999999996
MAC000131,2013-09-15,2.28,3.0929999999999995,1.6159999999999999,1.825000000000003
MAC000131,2013-09-16,1.2699999999999996,1.2159999999999997,5.076,2.0409999999999995
MAC000131,2013-09-17,1.24,3.2840000000000003,2.528,3.076000000000001
MAC000131,2013-09-18,1.7029999999999998,0.881,3.1479999999999997,3.1799999999999997
MAC000131,2013-09-19,1.3849999999999996,1.3739999999999999,2.705,2.7440000000000024
MAC000131,2013-09-20,1.6089999999999995,0.534,1.6069999999999998,2.6939999999999995
MAC000131,2013-09-21,1.3930000000000002,2.3760000000000003,1.409,2.219999999999999
MAC000131,2013-09-22,1.512,2.565,0.9469999999999998,2.245000000000002
MAC000131,2013-09-23,1.488,1.0899999999999999,3.782,2.680999999999999
MAC000131,2013-09-24,1.2749999999999997,1.1449999999999998,5.084,2.247
MAC000131,2013-09-25,1.2999999999999996,1.0119999999999998,1.6969999999999998,2.2780000000000005
MAC000131,2013-09-26,1.4799999999999998,0.8729999999999998,1.5819999999999999,2.3550000000000018
MAC000131,2013-09-27,1.4589999999999999,1.0279999999999998,3.001,2.4020000000000015
MAC000131,2013-09-28,1.53,1.2,2.0740000000000003,1.689999999999999
MAC000131,2013-09-29,2.435,1.361,0.9959999999999999,2.141999999999999
MAC000131,2013-09-30,1.6039999999999999,1.1239999999999997,4.773,2.1069999999999984
MAC000131,2013-10-01,1.8549999999999998,2.335,2.9690000000000003,2.4620000000000024
MAC000131,2013-10-02,1.3059999999999998,1.117,5.5200001,1.947000000000001
MAC000131,2013-10-03,1.3149999999999997,1.0599999999999998,4.006,3.410999999999997
MAC000131,2013-10-04,1.455,1.177,2.759,2.8479999999999976
MAC000131,2013-10-05,1.779,2.379,0.9459999999999998,1.9969999999999986
MAC000131,2013-10-06,2.3679999999999994,2.008,1.61,2.059
MAC000131,2013-10-07,1.516,1.4229999999999998,2.255,2.1819999999999995
MAC000131,2013-10-08,1.398,1.1199999999999997,1.3889999999999998,1.8780000000000001
MAC000131,2013-10-09,1.4649999999999996,1.1709999999999998,3.3549999999999995,2.4750000000000023
MAC000131,2013-10-10,1.436,4.241,4.922,3.086999999999999
MAC000131,2013-10-11,1.547,0.9609999999999999,5.575,1.6100000000000003
MAC000131,2013-10-12,3.2209999999999996,2.597,1.408,2.317999999999997
MAC000131,2013-10-13,4.119000000000001,4.858,0.9399999999999998,1.9689999999999972
MAC000131,2013-10-14,1.353,3.162,4.734999999999999,3.048000000000001
MAC000131,2013-10-15,1.539,3.968,5.975,2.128
MAC000131,2013-10-16,1.5420000000000003,1.3239999999999998,4.789,3.335000000000001
MAC000131,2013-10-17,1.5799999999999998,1.0930000000000002,1.07,2.2380000000000004
MAC000131,2013-10-18,1.8650000000000002,1.217,2.729,2.480999999999999
MAC000131,2013-10-19,1.96,1.517,1.14,2.0889999999999986
MAC000131,2013-10-20,2.051,1.7309999999999997,1.1689999999999996,2.517000000000002
MAC000131,2013-10-21,1.4649999999999999,1.5260000000000002,2.407,2.6750000000000007
MAC000131,2013-10-22,1.503,1.4380000000000002,0.8409999999999999,2.7029999999999967
MAC000131,2013-10-23,1.7249999999999999,1.42,1.578,2.34
MAC000131,2013-10-24,1.602,2.4179999999999997,2.042,2.4040000000000017
MAC000131,2013-10-25,1.638,0.8640000000000001,2.558,2.413000000000002
MAC000131,2013-10-26,1.9369999999999998,1.73,1.6189999999999998,1.967000000000001
MAC000131,2013-10-27,2.863,1.275,1.763,2.132000000000002
MAC000131,2013-10-28,3.1330000000000005,1.501,3.883,3.732999999999998
MAC000131,2013-10-29,1.9499999999999997,1.1809999999999998,4.8149999999999995,3.412000000000001
MAC000131,2013-10-30,2.1860000000000004,2.814,3.159,3.887999999999999
MAC000131,2013-10-31,1.53,2.694,3.7909999999999995,3.610999999999999
MAC000131,2013-11-01,1.632,0.936,3.8230000000000004,4.384
MAC000131,2013-11-02,3.0150000000000006,4.2909999999999995,2.146,2.094000000000003
MAC000131,2013-11-03,2.0069999999999997,5.259,2.0160000000000005,2.515
MAC000131,2013-11-04,2.4399999999999995,0.8520000000000001,5.05,3.751000000000002
MAC000131,2013-11-05,2.4390000000000005,3.3459999999999996,2.6289999999999996,5.664999999999999
MAC000131,2013-11-06,1.574,1.4569999999999999,2.872,5.991
MAC000131,2013-11-07,2.881,1.178,0.9959999999999999,3.102
MAC000131,2013-11-08,2.765,1.878,4.954000000000001,5.735999999999995
MAC000131,2013-11-09,3.0609999999999995,3.379999999999999,5.297000000000001,6.227
MAC000131,2013-11-10,2.738,5.207,4.798,4.727999999999996
MAC000131,2013-11-11,3.07,5.429,4.949000000000001,3.9760000000000018
MAC000131,2013-11-12,4.141,4.2669999999999995,4.558,4.458
MAC000131,2013-11-13,1.378,4.927,5.1419999999999995,3.9670000000000023
MAC000131,2013-11-14,3.279,3.731,5.061,4.046000000000005
MAC000131,2013-11-15,2.997,0.833,4.497,3.6259999999999977
MAC000131,2013-11-16,2.847999999999999,2.731,3.443,1.9069999999999978
MAC000131,2013-11-17,1.7279999999999998,3.3659999999999997,4.982,4.527000000000002
MAC000131,2013-11-18,3.7190001,5.481,5.3309999999999995,3.0400000000000063
MAC000131,2013-11-19,1.8359999999999996,2.856,3.818,5.135999999999999
MAC000131,2013-11-20,2.0200000000000005,3.862,5.411,4.470000000000002
MAC000131,2013-11-21,1.851,4.8840001,5.136,4.755999999999998
MAC000131,2013-11-22,1.8730000000000004,0.7010000000000001,5.63,5.137
MAC000131,2013-11-23,1.595,0.768,3.599,1.4480000000000004
MAC000131,2013-11-24,2.191,5.6419999999999995,3.5650000000000004,2.0950000000000033
MAC000131,2013-11-25,2.0919999999999996,4.2,4.199000000000001,4.886
MAC000131,2013-11-26,1.7380000000000002,2.701,5.555000000000001,3.964999899999996
MAC000131,2013-11-27,2.8169999999999993,2.6310000000000002,4.656,4.101000000000002
MAC000131,2013-11-28,1.8339999999999996,2.947,5.303,4.496000000000003
MAC000131,2013-11-29,1.948,0.679,5.719000100000001,3.6949999999999985
MAC000131,2013-11-30,2.061,2.968,2.8960000000000004,2.0659999999999976
MAC000131,2013-12-01,1.742,3.267,3.6250000000000004,2.134
MAC000131,2013-12-02,2.262,2.545,5.249,4.854000000000002
MAC000131,2013-12-03,1.872,2.472,5.374999999999999,4.210999999999999
MAC000131,2013-12-04,1.7219999999999998,2.1300000000000003,3.8440000000000003,4.268999999999999
MAC000131,2013-12-05,1.952,2.101,4.619999999999999,4.543000000000001
MAC000131,2013-12-06,1.5739999999999998,0.519,6.0169999999999995,4.734000000000002
MAC000131,2013-12-07,2.0709999999999997,1.919,3.6889999999999996,1.8400000000000003
MAC000131,2013-12-08,2.003,5.175,2.9840000000000004,1.9839999999999987
MAC000131,2013-12-09,1.3609999999999998,2.208,4.0280000000000005,4.861999999999998
MAC000131,2013-12-10,2.0999999999999996,1.744,5.428999999999999,4.456
MAC000131,2013-12-11,1.8619999999999999,1.936,5.081,3.7590000000000012
MAC000131,2013-12-12,1.852,2.449,4.1819999999999995,3.8470000000000004
MAC000131,2013-12-13,1.6799999999999997,0.6580000000000001,5.3,3.394000000000001
MAC000131,2013-12-14,2.1229999999999998,0.7279999999999999,2.203,1.744000000000001
MAC000131,2013-12-15,3.1340000000000003,4.888,2.999,2.450999999999999
MAC000131,2013-12-16,2.1189999999999998,3.7329999999999997,5.348,4.083000000000001
MAC000131,2013-12-17,1.8059999999999998,2.662,4.630000000000001,3.6889999999999983
MAC000131,2013-12-18,2.318,2.3040000000000003,5.090999999999999,4.731999999999999
MAC000131,2013-12-19,1.5239999999999996,1.3309999999999997,5.277000000000001,3.1590000000000025
MAC000131,2013-12-20,1.585,0.78,4.538,3.9789999999999974
MAC000131,2013-12-21,1.61,1.171,3.6810000000000005,1.6480000000000001
MAC000131,2013-12-22,2.1849999999999996,3.0229999999999997,1.5539999999999998,2.324000000000001
MAC000131,2013-12-23,4.468999999999999,5.031999999999999,4.7620000000000005,4.971
MAC000131,2013-12-24,2.5420000000000003,3.5490000000000004,3.227,2.7900000000000005
MAC000131,2013-12-25,4.405000000000001,6.2540000000000004,5.469999999999999,5.239999999999998
MAC000131,2013-12-26,4.503,4.494,5.584999999999999,4.696999999999997
MAC000131,2013-12-27,2.1479999999999992,2.996,4.005,4.415999999999998
MAC000131,2013-12-28,2.122,3.365,3.6990000000000007,1.910999999999997
MAC000131,2013-12-29,4.505,4.6259999,2.7259999999999995,2.8189999999999986
MAC000131,2013-12-30,2.139,2.596,5.235,4.219999999999998
MAC000131,2013-12-31,1.988,3.9410001,3.312,1.8200000000000016
MAC000131,2014-01-01,3.944,6.673000100000001,5.597,5.173999999999999
MAC000131,2014-01-02,1.6450000000000002,3.025,5.657000000000001,5.098000000000002
MAC000131,2014-01-03,2.5559999999999996,2.2319999999999998,5.255,5.723999900000002
MAC000131,2014-01-04,3.8259999999999996,1.8450000000000002,3.4260000000000006,2.9429999999999974
MAC000131,2014-01-05,2.4939999999999993,4.2909999999999995,2.249,2.476000000000002
MAC000131,2014-01-06,2.1359999999999997,0.651,4.291,5.069000000000003
MAC000131,2014-01-07,1.9659999999999997,1.133,3.6839999999999997,4.166
MAC000131,2014-01-08,1.857,1.01,4.305,4.07
MAC000131,2014-01-09,1.7480000000000002,3.586,4.3229999999999995,4.569999999999996
MAC000131,2014-01-10,1.6159999999999997,0.677,3.214,4.773000000000003
MAC000131,2014-01-11,1.9629999999999999,2.572,4.5239999,2.549999999999998
MAC000131,2014-01-12,2.4709999999999996,3.843,2.713,2.334999999999998
MAC000131,2014-01-13,1.877,2.5,5.096,3.987
MAC000131,2014-01-14,2.1229999999999998,1.8449999999999995,4.997,4.462000000000003
MAC000131,2014-01-15,1.8370000000000002,3.452,3.6019999999999994,4.294999999999999
MAC000131,2014-01-16,1.308,2.597,3.6290000000000004,4.871000099999999
MAC000131,2014-01-17,1.7659999999999996,0.6519999999999999,5.941,2.9990000000000014
MAC000131,2014-01-18,4.495,2.65,3.0540000000000003,2.3820000000000014
MAC000131,2014-01-19,4.688000000000001,5.835999999999999,4.569,1.563000000000006
MAC000131,2014-01-20,2.6069999999999998,2.804,6.074,4.535
MAC000131,2014-01-21,1.5270000000000001,3.11,6.2459999,5.8879999999999955
MAC000131,2014-01-22,2.0379999999999994,2.2110000000000003,3.6099999999999994,3.590000000000005
MAC000131,2014-01-23,2.729,1.339,5.544999999999999,5.168
MAC000131,2014-01-24,2.045,1.1729999999999998,3.4610000999999997,4.981999999999999
MAC000131,2014-01-25,2.0580000000000003,4.488,3.15,2.447999999999998
MAC000131,2014-01-26,4.308,3.353,2.9280000000000004,2.5119999999999973
MAC000131,2014-01-27,1.932,2.199,5.563000000000001,4.315000000000001
MAC000131,2014-01-28,1.612,0.923,5.3020000000000005,3.347999999999998
MAC000131,2014-01-29,2.169,2.8040000000000003,4.892,4.085999999999998
MAC000131,2014-01-30,1.9849999999999999,2.4299999999999997,6.2669999999999995,4.028999999999996
MAC000131,2014-01-31,2.742000000000001,0.598,1.9300000000000002,5.084999999999999
MAC000131,2014-02-01,1.8929999999999998,2.7439999999999998,2.379,2.2210000000000023
MAC000131,2014-02-02,3.5849999999999995,4.962000000000001,2.743,2.0880000000000005
MAC000131,2014-02-03,1.553,2.784,4.183999999999999,4.096000000000002
MAC000131,2014-02-04,1.7089999999999999,2.8,4.781,5.55
MAC000131,2014-02-05,1.7830000000000001,2.9619999999999997,5.207,4.2760000000000025
MAC000131,2014-02-06,1.992,0.8699999999999999,5.0089999999999995,4.063999999999999
MAC000131,2014-02-07,1.636,0.6990000000000001,3.456,4.605999999999998
MAC000131,2014-02-08,2.9519999999999995,3.5570001,3.4450000000000007,1.9069999999999996
MAC000131,2014-02-09,5.846,5.508000000000001,2.578,2.3999999999999964
MAC000131,2014-02-10,1.4909999999999999,2.419,5.121,4.453999999999997
MAC000131,2014-02-11,1.7389999999999994,3.1609999999999996,5.334,4.17
MAC000131,2014-02-12,1.739,3.9979999999999998,3.9690000000000003,3.9629999999999965
MAC000131,2014-02-13,2.1340000000000003,2.8569999999999998,5.846,4.689
MAC000131,2014-02-14,2.231,0.8330000000000001,3.965,3.9429999999999996
MAC000131,2014-02-15,2.018,2.545,3.378,1.7630000000000026
MAC000131,2014-02-16,2.1430000000000002,4.085,2.782,2.397000000000001
MAC000131,2014-02-17,1.3819999999999997,0.9459999999999998,4.797,4.446000000000004
MAC000131,2014-02-18,1.947,3.0610000000000004,5.043,4.693999999999998
MAC000131,2014-02-19,1.496,2.8989999999999996,4.007000000000001,4.226999999999998
MAC000131,2014-02-20,1.3479999999999999,1.0989999999999998,3.9859999999999998,4.768999999999999
MAC000131,2014-02-21,2.214,0.7,5.278,3.5469999999999997
MAC000131,2014-02-22,1.841,1.231,2.3559999999999994,1.7929999999999997
MAC000131,2014-02-23,3.45,2.082,3.1910000000000003,2.252999999999999
MAC000131,2014-02-24,2.145,0.9810000000000001,4.758,4.362999999999999
MAC000131,2014-02-25,1.6269999999999998,2.872,5.505000000000001,4.177999999999999
MAC000131,2014-02-26,1.549,1.74,4.420999999999999,3.5920000000000005
MAC000131,2014-02-27,1.621,3.274,3.9949999999999997,4.408999999999997
